captured_at_local,event_id,competition,category,home_team,away_team,kickoff_utc,minutes_to_kickoff,market,submarket,outcome,params,price
2026-10-07T00:01:26.358550+02:00,36665047,Primera Division Amateur,Uruguay,CA Terremoto Buceo,Salus FC,2026-10-06T23:00:00+00:00,58.5607,soccer.asian_handicap,period=ft,home,handicap=0.25,1.77
2026-10-07T00:01:26.358550+02:00,36665047,Primera Division Amateur,Uruguay,CA Terremoto Buceo,Salus FC,2026-10-06T23:00:00+00:00,58.5607,soccer.asian_handicap,period=ft,away,handicap=0.25,1.93
2026-10-07T00:01:26.358550+02:00,36665047,Primera Division Amateur,Uruguay,CA Terremoto Buceo,Salus FC,2026-10-06T23:00:00+00:00,58.5607,soccer.asian_handicap,period=ft,home,handicap=-0.5,2.95
2026-10-07T00:01:26.358550+02:00,36665047,Primera Division Amateur,Uruguay,CA Terremoto Buceo,Salus FC,2026-10-06T23:00:00+00:00,58.5607,soccer.asian_handicap,period=ft,away,handicap=-0.5,1.3
2026-10-07T00:01:26.358550+02:00,36665047,Primera Division Amateur,Uruguay,CA Terremoto Buceo,Salus FC,2026-10-06T23:00:00+00:00,58.5607,soccer.asian_handicap,period=ft,home,handicap=-0.25,2.55
2026-10-07T00:01:26.358550+02:00,36665047,Primera Division Amateur,Uruguay,CA Terremoto Buceo,Salus FC,2026-10-06T23:00:00+00:00,58.5607,soccer.asian_handicap,period=ft,away,handicap=-0.25,1.4
2026-10-07T00:01:26.358550+02:00,36665047,Primera Division Amateur,Uruguay,CA Terremoto Buceo,Salus FC,2026-10-06T23:00:00+00:00,58.5607,soccer.asian_handicap,period=ft,home,handicap=0,2.17
2026-10-07T00:01:26.358550+02:00,36665047,Primera Division Amateur,Uruguay,CA Terremoto Buceo,Salus FC,2026-10-06T23:00:00+00:00,58.5607,soccer.asian_handicap,period=ft,away,handicap=0,1.59
2026-10-07T00:01:26.358550+02:00,36665047,Primera Division Amateur,Uruguay,CA Terremoto Buceo,Salus FC,2026-10-06T23:00:00+00:00,58.5607,soccer.asian_handicap,period=ft,home,handicap=0.5,1.55
2026-10-07T00:01:26.358550+02:00,36665047,Primera Division Amateur,Uruguay,CA Terremoto Buceo,Salus FC,2026-10-06T23:00:00+00:00,58.5607,soccer.asian_handicap,period=ft,away,handicap=0.5,2.2
2026-10-07T00:01:26.358550+02:00,36665047,Primera Division Amateur,Uruguay,CA Terremoto Buceo,Salus FC,2026-10-06T23:00:00+00:00,58.5607,soccer.asian_handicap,period=ft,home,handicap=0.75,1.38
2026-10-07T00:01:26.358550+02:00,36665047,Primera Division Amateur,Uruguay,CA Terremoto Buceo,Salus FC,2026-10-06T23:00:00+00:00,58.5607,soccer.asian_handicap,period=ft,away,handicap=0.75,2.65
2026-10-07T00:01:26.358550+02:00,36665047,Primera Division Amateur,Uruguay,CA Terremoto Buceo,Salus FC,2026-10-06T23:00:00+00:00,58.5607,soccer.asian_handicap,period=ft,home,handicap=1,1.21
2026-10-07T00:01:26.358550+02:00,36665047,Primera Division Amateur,Uruguay,CA Terremoto Buceo,Salus FC,2026-10-06T23:00:00+00:00,58.5607,soccer.asian_handicap,period=ft,away,handicap=1,3.6
2026-10-07T00:01:26.358550+02:00,36665047,Primera Division Amateur,Uruguay,CA Terremoto Buceo,Salus FC,2026-10-06T23:00:00+00:00,58.5607,soccer.match_odds,period=ft,home,,3.0
2026-10-07T00:01:26.358550+02:00,36665047,Primera Division Amateur,Uruguay,CA Terremoto Buceo,Salus FC,2026-10-06T23:00:00+00:00,58.5607,soccer.match_odds,period=ft,draw,,2.85
2026-10-07T00:01:26.358550+02:00,36665047,Primera Division Amateur,Uruguay,CA Terremoto Buceo,Salus FC,2026-10-06T23:00:00+00:00,58.5607,soccer.match_odds,period=ft,away,,2.2
2026-10-07T00:01:26.358550+02:00,36665047,Primera Division Amateur,Uruguay,CA Terremoto Buceo,Salus FC,2026-10-06T23:00:00+00:00,58.5607,soccer.total_goals,period=ft,over,total=2,1.75
2026-10-07T00:01:26.358550+02:00,36665047,Primera Division Amateur,Uruguay,CA Terremoto Buceo,Salus FC,2026-10-06T23:00:00+00:00,58.5607,soccer.total_goals,period=ft,under,total=2,1.97
2026-10-07T00:01:26.358550+02:00,36665047,Primera Division Amateur,Uruguay,CA Terremoto Buceo,Salus FC,2026-10-06T23:00:00+00:00,58.5607,soccer.total_goals,period=ft,over,total=1.25,1.25
2026-10-07T00:01:26.358550+02:00,36665047,Primera Division Amateur,Uruguay,CA Terremoto Buceo,Salus FC,2026-10-06T23:00:00+00:00,58.5607,soccer.total_goals,period=ft,under,total=1.25,3.25
2026-10-07T00:01:26.358550+02:00,36665047,Primera Division Amateur,Uruguay,CA Terremoto Buceo,Salus FC,2026-10-06T23:00:00+00:00,58.5607,soccer.total_goals,period=ft,over,total=1.5,1.4
2026-10-07T00:01:26.358550+02:00,36665047,Primera Division Amateur,Uruguay,CA Terremoto Buceo,Salus FC,2026-10-06T23:00:00+00:00,58.5607,soccer.total_goals,period=ft,under,total=1.5,2.55
2026-10-07T00:01:26.358550+02:00,36665047,Primera Division Amateur,Uruguay,CA Terremoto Buceo,Salus FC,2026-10-06T23:00:00+00:00,58.5607,soccer.total_goals,period=ft,over,total=1.75,1.53
2026-10-07T00:01:26.358550+02:00,36665047,Primera Division Amateur,Uruguay,CA Terremoto Buceo,Salus FC,2026-10-06T23:00:00+00:00,58.5607,soccer.total_goals,period=ft,under,total=1.75,2.25
2026-10-07T00:01:26.358550+02:00,36665047,Primera Division Amateur,Uruguay,CA Terremoto Buceo,Salus FC,2026-10-06T23:00:00+00:00,58.5607,soccer.total_goals,period=ft,over,total=2.25,2.03
2026-10-07T00:01:26.358550+02:00,36665047,Primera Division Amateur,Uruguay,CA Terremoto Buceo,Salus FC,2026-10-06T23:00:00+00:00,58.5607,soccer.total_goals,period=ft,under,total=2.25,1.67
2026-10-07T00:01:26.358550+02:00,36665047,Primera Division Amateur,Uruguay,CA Terremoto Buceo,Salus FC,2026-10-06T23:00:00+00:00,58.5607,soccer.total_goals,period=ft,over,total=2.5,2.3
2026-10-07T00:01:26.358550+02:00,36665047,Primera Division Amateur,Uruguay,CA Terremoto Buceo,Salus FC,2026-10-06T23:00:00+00:00,58.5607,soccer.total_goals,period=ft,under,total=2.5,1.5
2026-10-07T00:01:26.358550+02:00,36665047,Primera Division Amateur,Uruguay,CA Terremoto Buceo,Salus FC,2026-10-06T23:00:00+00:00,58.5607,soccer.total_goals,period=ft,over,total=2.75,2.7
2026-10-07T00:01:26.358550+02:00,36665047,Primera Division Amateur,Uruguay,CA Terremoto Buceo,Salus FC,2026-10-06T23:00:00+00:00,58.5607,soccer.total_goals,period=ft,under,total=2.75,1.37
2026-10-07T00:01:26.358550+02:00,36565857,"Division de Honor, Apertura",Paraguay,Club Olimpia,Nacional Asuncion,2026-10-06T22:15:00+00:00,13.5607,soccer.asian_handicap,period=ft,home,handicap=-0.5,1.99
2026-10-07T00:01:26.358550+02:00,36565857,"Division de Honor, Apertura",Paraguay,Club Olimpia,Nacional Asuncion,2026-10-06T22:15:00+00:00,13.5607,soccer.asian_handicap,period=ft,away,handicap=-0.5,1.82
2026-10-07T00:01:26.358550+02:00,36565857,"Division de Honor, Apertura",Paraguay,Club Olimpia,Nacional Asuncion,2026-10-06T22:15:00+00:00,13.5607,soccer.asian_handicap,period=ft,home,handicap=-1.5,3.6
2026-10-07T00:01:26.358550+02:00,36565857,"Division de Honor, Apertura",Paraguay,Club Olimpia,Nacional Asuncion,2026-10-06T22:15:00+00:00,13.5607,soccer.asian_handicap,period=ft,away,handicap=-1.5,1.27
2026-10-07T00:01:26.358550+02:00,36565857,"Division de Honor, Apertura",Paraguay,Club Olimpia,Nacional Asuncion,2026-10-06T22:15:00+00:00,13.5607,soccer.asian_handicap,period=ft,home,handicap=-1.25,3.2
2026-10-07T00:01:26.358550+02:00,36565857,"Division de Honor, Apertura",Paraguay,Club Olimpia,Nacional Asuncion,2026-10-06T22:15:00+00:00,13.5607,soccer.asian_handicap,period=ft,away,handicap=-1.25,1.32
2026-10-07T00:01:26.358550+02:00,36565857,"Division de Honor, Apertura",Paraguay,Club Olimpia,Nacional Asuncion,2026-10-06T22:15:00+00:00,13.5607,soccer.asian_handicap,period=ft,home,handicap=-1,2.85
2026-10-07T00:01:26.358550+02:00,36565857,"Division de Honor, Apertura",Paraguay,Club Olimpia,Nacional Asuncion,2026-10-06T22:15:00+00:00,13.5607,soccer.asian_handicap,period=ft,away,handicap=-1,1.41
2026-10-07T00:01:26.358550+02:00,36565857,"Division de Honor, Apertura",Paraguay,Club Olimpia,Nacional Asuncion,2026-10-06T22:15:00+00:00,13.5607,soccer.asian_handicap,period=ft,home,handicap=-0.75,2.25
2026-10-07T00:01:26.358550+02:00,36565857,"Division de Honor, Apertura",Paraguay,Club Olimpia,Nacional Asuncion,2026-10-06T22:15:00+00:00,13.5607,soccer.asian_handicap,period=ft,away,handicap=-0.75,1.61
2026-10-07T00:01:26.358550+02:00,36565857,"Division de Honor, Apertura",Paraguay,Club Olimpia,Nacional Asuncion,2026-10-06T22:15:00+00:00,13.5607,soccer.asian_handicap,period=ft,home,handicap=-0.25,1.7
2026-10-07T00:01:26.358550+02:00,36565857,"Division de Honor, Apertura",Paraguay,Club Olimpia,Nacional Asuncion,2026-10-06T22:15:00+00:00,13.5607,soccer.asian_handicap,period=ft,away,handicap=-0.25,2.12
2026-10-07T00:01:26.358550+02:00,36565857,"Division de Honor, Apertura",Paraguay,Club Olimpia,Nacional Asuncion,2026-10-06T22:15:00+00:00,13.5607,soccer.asian_handicap,period=ft,home,handicap=0,1.43
2026-10-07T00:01:26.358550+02:00,36565857,"Division de Honor, Apertura",Paraguay,Club Olimpia,Nacional Asuncion,2026-10-06T22:15:00+00:00,13.5607,soccer.asian_handicap,period=ft,away,handicap=0,2.75
2026-10-07T00:01:26.358550+02:00,36565857,"Division de Honor, Apertura",Paraguay,Club Olimpia,Nacional Asuncion,2026-10-06T22:15:00+00:00,13.5607,soccer.asian_handicap,period=ft,home,handicap=0.25,1.32
2026-10-07T00:01:26.358550+02:00,36565857,"Division de Honor, Apertura",Paraguay,Club Olimpia,Nacional Asuncion,2026-10-06T22:15:00+00:00,13.5607,soccer.asian_handicap,period=ft,away,handicap=0.25,3.25
2026-10-07T00:01:26.358550+02:00,36565857,"Division de Honor, Apertura",Paraguay,Club Olimpia,Nacional Asuncion,2026-10-06T22:15:00+00:00,13.5607,soccer.asian_handicap,period=ft,home,handicap=0.5,1.25
2026-10-07T00:01:26.358550+02:00,36565857,"Division de Honor, Apertura",Paraguay,Club Olimpia,Nacional Asuncion,2026-10-06T22:15:00+00:00,13.5607,soccer.asian_handicap,period=ft,away,handicap=0.5,3.75
2026-10-07T00:01:26.358550+02:00,36565857,"Division de Honor, Apertura",Paraguay,Club Olimpia,Nacional Asuncion,2026-10-06T22:15:00+00:00,13.5607,soccer.double_chance,period=ft,draw_away,,1.8
2026-10-07T00:01:26.358550+02:00,36565857,"Division de Honor, Apertura",Paraguay,Club Olimpia,Nacional Asuncion,2026-10-06T22:15:00+00:00,13.5607,soccer.double_chance,period=ft,home_away,,1.3
2026-10-07T00:01:26.358550+02:00,36565857,"Division de Honor, Apertura",Paraguay,Club Olimpia,Nacional Asuncion,2026-10-06T22:15:00+00:00,13.5607,soccer.double_chance,period=ft,home_draw,,1.25
2026-10-07T00:01:26.358550+02:00,36565857,"Division de Honor, Apertura",Paraguay,Club Olimpia,Nacional Asuncion,2026-10-06T22:15:00+00:00,13.5607,soccer.match_odds,period=ft,home,,1.98
2026-10-07T00:01:26.358550+02:00,36565857,"Division de Honor, Apertura",Paraguay,Club Olimpia,Nacional Asuncion,2026-10-06T22:15:00+00:00,13.5607,soccer.match_odds,period=ft,draw,,3.35
2026-10-07T00:01:26.358550+02:00,36565857,"Division de Honor, Apertura",Paraguay,Club Olimpia,Nacional Asuncion,2026-10-06T22:15:00+00:00,13.5607,soccer.match_odds,period=ft,away,,3.8
2026-10-07T00:01:26.358550+02:00,36565857,"Division de Honor, Apertura",Paraguay,Club Olimpia,Nacional Asuncion,2026-10-06T22:15:00+00:00,13.5607,soccer.total_goals,period=ft,over,total=2.5,1.85
2026-10-07T00:01:26.358550+02:00,36565857,"Division de Honor, Apertura",Paraguay,Club Olimpia,Nacional Asuncion,2026-10-06T22:15:00+00:00,13.5607,soccer.total_goals,period=ft,under,total=2.5,1.94
2026-10-07T00:01:26.358550+02:00,36565857,"Division de Honor, Apertura",Paraguay,Club Olimpia,Nacional Asuncion,2026-10-06T22:15:00+00:00,13.5607,soccer.total_goals,period=ft,over,total=1.5,1.27
2026-10-07T00:01:26.358550+02:00,36565857,"Division de Honor, Apertura",Paraguay,Club Olimpia,Nacional Asuncion,2026-10-06T22:15:00+00:00,13.5607,soccer.total_goals,period=ft,under,total=1.5,3.55
2026-10-07T00:01:26.358550+02:00,36565857,"Division de Honor, Apertura",Paraguay,Club Olimpia,Nacional Asuncion,2026-10-06T22:15:00+00:00,13.5607,soccer.total_goals,period=ft,over,total=2,1.42
2026-10-07T00:01:26.358550+02:00,36565857,"Division de Honor, Apertura",Paraguay,Club Olimpia,Nacional Asuncion,2026-10-06T22:15:00+00:00,13.5607,soccer.total_goals,period=ft,under,total=2,2.8
2026-10-07T00:01:26.358550+02:00,36565857,"Division de Honor, Apertura",Paraguay,Club Olimpia,Nacional Asuncion,2026-10-06T22:15:00+00:00,13.5607,soccer.total_goals,period=ft,over,total=2.25,1.63
2026-10-07T00:01:26.358550+02:00,36565857,"Division de Honor, Apertura",Paraguay,Club Olimpia,Nacional Asuncion,2026-10-06T22:15:00+00:00,13.5607,soccer.total_goals,period=ft,under,total=2.25,2.2
2026-10-07T00:01:26.358550+02:00,36565857,"Division de Honor, Apertura",Paraguay,Club Olimpia,Nacional Asuncion,2026-10-06T22:15:00+00:00,13.5607,soccer.total_goals,period=ft,over,total=2.75,2.07
2026-10-07T00:01:26.358550+02:00,36565857,"Division de Honor, Apertura",Paraguay,Club Olimpia,Nacional Asuncion,2026-10-06T22:15:00+00:00,13.5607,soccer.total_goals,period=ft,under,total=2.75,1.73
2026-10-07T00:01:26.358550+02:00,36565857,"Division de Honor, Apertura",Paraguay,Club Olimpia,Nacional Asuncion,2026-10-06T22:15:00+00:00,13.5607,soccer.total_goals,period=ft,over,total=3,2.45
2026-10-07T00:01:26.358550+02:00,36565857,"Division de Honor, Apertura",Paraguay,Club Olimpia,Nacional Asuncion,2026-10-06T22:15:00+00:00,13.5607,soccer.total_goals,period=ft,under,total=3,1.52
2026-10-07T00:01:26.358550+02:00,36565857,"Division de Honor, Apertura",Paraguay,Club Olimpia,Nacional Asuncion,2026-10-06T22:15:00+00:00,13.5607,soccer.total_goals,period=ft,over,total=3.5,3.05
2026-10-07T00:01:26.358550+02:00,36565857,"Division de Honor, Apertura",Paraguay,Club Olimpia,Nacional Asuncion,2026-10-06T22:15:00+00:00,13.5607,soccer.total_goals,period=ft,under,total=3.5,1.35
2026-10-07T00:01:26.358550+02:00,36565857,"Division de Honor, Apertura",Paraguay,Club Olimpia,Nacional Asuncion,2026-10-06T22:15:00+00:00,13.5607,soccer.total_goals,period=ft,over,total=4.5,6.0
2026-10-07T00:01:26.358550+02:00,36565857,"Division de Honor, Apertura",Paraguay,Club Olimpia,Nacional Asuncion,2026-10-06T22:15:00+00:00,13.5607,soccer.total_goals,period=ft,under,total=4.5,1.11
2026-10-07T00:01:26.358550+02:00,36661034,Segunda Division,Paraguay,Deportivo Santani,Guairena FC,2026-10-06T22:30:00+00:00,28.5607,soccer.asian_handicap,period=ft,home,handicap=-0.75,1.74
2026-10-07T00:01:26.358550+02:00,36661034,Segunda Division,Paraguay,Deportivo Santani,Guairena FC,2026-10-06T22:30:00+00:00,28.5607,soccer.asian_handicap,period=ft,away,handicap=-0.75,1.97
2026-10-07T00:01:26.358550+02:00,36661034,Segunda Division,Paraguay,Deportivo Santani,Guairena FC,2026-10-06T22:30:00+00:00,28.5607,soccer.asian_handicap,period=ft,home,handicap=-1.5,2.6
2026-10-07T00:01:26.358550+02:00,36661034,Segunda Division,Paraguay,Deportivo Santani,Guairena FC,2026-10-06T22:30:00+00:00,28.5607,soccer.asian_handicap,period=ft,away,handicap=-1.5,1.39
2026-10-07T00:01:26.358550+02:00,36661034,Segunda Division,Paraguay,Deportivo Santani,Guairena FC,2026-10-06T22:30:00+00:00,28.5607,soccer.asian_handicap,period=ft,home,handicap=-1.25,2.3
2026-10-07T00:01:26.358550+02:00,36661034,Segunda Division,Paraguay,Deportivo Santani,Guairena FC,2026-10-06T22:30:00+00:00,28.5607,soccer.asian_handicap,period=ft,away,handicap=-1.25,1.49
2026-10-07T00:01:26.358550+02:00,36661034,Segunda Division,Paraguay,Deportivo Santani,Guairena FC,2026-10-06T22:30:00+00:00,28.5607,soccer.asian_handicap,period=ft,home,handicap=-1,2.02
2026-10-07T00:01:26.358550+02:00,36661034,Segunda Division,Paraguay,Deportivo Santani,Guairena FC,2026-10-06T22:30:00+00:00,28.5607,soccer.asian_handicap,period=ft,away,handicap=-1,1.68
2026-10-07T00:01:26.358550+02:00,36661034,Segunda Division,Paraguay,Deportivo Santani,Guairena FC,2026-10-06T22:30:00+00:00,28.5607,soccer.asian_handicap,period=ft,home,handicap=-0.5,1.56
2026-10-07T00:01:26.358550+02:00,36661034,Segunda Division,Paraguay,Deportivo Santani,Guairena FC,2026-10-06T22:30:00+00:00,28.5607,soccer.asian_handicap,period=ft,away,handicap=-0.5,2.2
2026-10-07T00:01:26.358550+02:00,36661034,Segunda Division,Paraguay,Deportivo Santani,Guairena FC,2026-10-06T22:30:00+00:00,28.5607,soccer.asian_handicap,period=ft,home,handicap=-0.25,1.38
2026-10-07T00:01:26.358550+02:00,36661034,Segunda Division,Paraguay,Deportivo Santani,Guairena FC,2026-10-06T22:30:00+00:00,28.5607,soccer.asian_handicap,period=ft,away,handicap=-0.25,2.65
2026-10-07T00:01:26.358550+02:00,36661034,Segunda Division,Paraguay,Deportivo Santani,Guairena FC,2026-10-06T22:30:00+00:00,28.5607,soccer.asian_handicap,period=ft,home,handicap=0,1.2
2026-10-07T00:01:26.358550+02:00,36661034,Segunda Division,Paraguay,Deportivo Santani,Guairena FC,2026-10-06T22:30:00+00:00,28.5607,soccer.asian_handicap,period=ft,away,handicap=0,3.7
2026-10-07T00:01:26.358550+02:00,36661034,Segunda Division,Paraguay,Deportivo Santani,Guairena FC,2026-10-06T22:30:00+00:00,28.5607,soccer.double_chance,period=ft,draw_away,,2.04
2026-10-07T00:01:26.358550+02:00,36661034,Segunda Division,Paraguay,Deportivo Santani,Guairena FC,2026-10-06T22:30:00+00:00,28.5607,soccer.double_chance,period=ft,home_away,,1.23
2026-10-07T00:01:26.358550+02:00,36661034,Segunda Division,Paraguay,Deportivo Santani,Guairena FC,2026-10-06T22:30:00+00:00,28.5607,soccer.double_chance,period=ft,home_draw,,1.14
2026-10-07T00:01:26.358550+02:00,36661034,Segunda Division,Paraguay,Deportivo Santani,Guairena FC,2026-10-06T22:30:00+00:00,28.5607,soccer.match_odds,period=ft,home,,1.57
2026-10-07T00:01:26.358550+02:00,36661034,Segunda Division,Paraguay,Deportivo Santani,Guairena FC,2026-10-06T22:30:00+00:00,28.5607,soccer.match_odds,period=ft,draw,,3.55
2026-10-07T00:01:26.358550+02:00,36661034,Segunda Division,Paraguay,Deportivo Santani,Guairena FC,2026-10-06T22:30:00+00:00,28.5607,soccer.match_odds,period=ft,away,,4.8
2026-10-07T00:01:26.358550+02:00,36661034,Segunda Division,Paraguay,Deportivo Santani,Guairena FC,2026-10-06T22:30:00+00:00,28.5607,soccer.total_goals,period=ft,over,total=2.5,1.89
2026-10-07T00:01:26.358550+02:00,36661034,Segunda Division,Paraguay,Deportivo Santani,Guairena FC,2026-10-06T22:30:00+00:00,28.5607,soccer.total_goals,period=ft,under,total=2.5,1.8
2026-10-07T00:01:26.358550+02:00,36661034,Segunda Division,Paraguay,Deportivo Santani,Guairena FC,2026-10-06T22:30:00+00:00,28.5607,soccer.total_goals,period=ft,over,total=1.75,1.32
2026-10-07T00:01:26.358550+02:00,36661034,Segunda Division,Paraguay,Deportivo Santani,Guairena FC,2026-10-06T22:30:00+00:00,28.5607,soccer.total_goals,period=ft,under,total=1.75,2.9
2026-10-07T00:01:26.358550+02:00,36661034,Segunda Division,Paraguay,Deportivo Santani,Guairena FC,2026-10-06T22:30:00+00:00,28.5607,soccer.total_goals,period=ft,over,total=2,1.41
2026-10-07T00:01:26.358550+02:00,36661034,Segunda Division,Paraguay,Deportivo Santani,Guairena FC,2026-10-06T22:30:00+00:00,28.5607,soccer.total_goals,period=ft,under,total=2,2.5
2026-10-07T00:01:26.358550+02:00,36661034,Segunda Division,Paraguay,Deportivo Santani,Guairena FC,2026-10-06T22:30:00+00:00,28.5607,soccer.total_goals,period=ft,over,total=2.25,1.65
2026-10-07T00:01:26.358550+02:00,36661034,Segunda Division,Paraguay,Deportivo Santani,Guairena FC,2026-10-06T22:30:00+00:00,28.5607,soccer.total_goals,period=ft,under,total=2.25,2.05
2026-10-07T00:01:26.358550+02:00,36661034,Segunda Division,Paraguay,Deportivo Santani,Guairena FC,2026-10-06T22:30:00+00:00,28.5607,soccer.total_goals,period=ft,over,total=2.75,2.14
2026-10-07T00:01:26.358550+02:00,36661034,Segunda Division,Paraguay,Deportivo Santani,Guairena FC,2026-10-06T22:30:00+00:00,28.5607,soccer.total_goals,period=ft,under,total=2.75,1.6
2026-10-07T00:01:26.358550+02:00,36661034,Segunda Division,Paraguay,Deportivo Santani,Guairena FC,2026-10-06T22:30:00+00:00,28.5607,soccer.total_goals,period=ft,over,total=3,2.6
2026-10-07T00:01:26.358550+02:00,36661034,Segunda Division,Paraguay,Deportivo Santani,Guairena FC,2026-10-06T22:30:00+00:00,28.5607,soccer.total_goals,period=ft,under,total=3,1.39
2026-10-07T00:01:26.358550+02:00,36661034,Segunda Division,Paraguay,Deportivo Santani,Guairena FC,2026-10-06T22:30:00+00:00,28.5607,soccer.total_goals,period=ft,over,total=3.25,2.95
2026-10-07T00:01:26.358550+02:00,36661034,Segunda Division,Paraguay,Deportivo Santani,Guairena FC,2026-10-06T22:30:00+00:00,28.5607,soccer.total_goals,period=ft,under,total=3.25,1.31
2026-10-07T00:01:26.358550+02:00,36609360,Brasileiro Serie B,Brazil,SC Recife PE,Sao Bernardo FC,2026-10-06T22:30:00+00:00,28.5607,soccer.asian_handicap,period=ft,home,handicap=-0.75,1.9
2026-10-07T00:01:26.358550+02:00,36609360,Brasileiro Serie B,Brazil,SC Recife PE,Sao Bernardo FC,2026-10-06T22:30:00+00:00,28.5607,soccer.asian_handicap,period=ft,away,handicap=-0.75,1.94
2026-10-07T00:01:26.358550+02:00,36609360,Brasileiro Serie B,Brazil,SC Recife PE,Sao Bernardo FC,2026-10-06T22:30:00+00:00,28.5607,soccer.asian_handicap,period=ft,home,handicap=-1.75,3.8
2026-10-07T00:01:26.358550+02:00,36609360,Brasileiro Serie B,Brazil,SC Recife PE,Sao Bernardo FC,2026-10-06T22:30:00+00:00,28.5607,soccer.asian_handicap,period=ft,away,handicap=-1.75,1.26
2026-10-07T00:01:26.358550+02:00,36609360,Brasileiro Serie B,Brazil,SC Recife PE,Sao Bernardo FC,2026-10-06T22:30:00+00:00,28.5607,soccer.asian_handicap,period=ft,home,handicap=-1.5,3.0
2026-10-07T00:01:26.358550+02:00,36609360,Brasileiro Serie B,Brazil,SC Recife PE,Sao Bernardo FC,2026-10-06T22:30:00+00:00,28.5607,soccer.asian_handicap,period=ft,away,handicap=-1.5,1.38
2026-10-07T00:01:26.358550+02:00,36609360,Brasileiro Serie B,Brazil,SC Recife PE,Sao Bernardo FC,2026-10-06T22:30:00+00:00,28.5607,soccer.asian_handicap,period=ft,home,handicap=-1.25,2.65
2026-10-07T00:01:26.358550+02:00,36609360,Brasileiro Serie B,Brazil,SC Recife PE,Sao Bernardo FC,2026-10-06T22:30:00+00:00,28.5607,soccer.asian_handicap,period=ft,away,handicap=-1.25,1.48
2026-10-07T00:01:26.358550+02:00,36609360,Brasileiro Serie B,Brazil,SC Recife PE,Sao Bernardo FC,2026-10-06T22:30:00+00:00,28.5607,soccer.asian_handicap,period=ft,home,handicap=-1,2.25
2026-10-07T00:01:26.358550+02:00,36609360,Brasileiro Serie B,Brazil,SC Recife PE,Sao Bernardo FC,2026-10-06T22:30:00+00:00,28.5607,soccer.asian_handicap,period=ft,away,handicap=-1,1.64
2026-10-07T00:01:26.358550+02:00,36609360,Brasileiro Serie B,Brazil,SC Recife PE,Sao Bernardo FC,2026-10-06T22:30:00+00:00,28.5607,soccer.asian_handicap,period=ft,home,handicap=-0.5,1.68
2026-10-07T00:01:26.358550+02:00,36609360,Brasileiro Serie B,Brazil,SC Recife PE,Sao Bernardo FC,2026-10-06T22:30:00+00:00,28.5607,soccer.asian_handicap,period=ft,away,handicap=-0.5,2.2
2026-10-07T00:01:26.358550+02:00,36609360,Brasileiro Serie B,Brazil,SC Recife PE,Sao Bernardo FC,2026-10-06T22:30:00+00:00,28.5607,soccer.asian_handicap,period=ft,home,handicap=-0.25,1.47
2026-10-07T00:01:26.358550+02:00,36609360,Brasileiro Serie B,Brazil,SC Recife PE,Sao Bernardo FC,2026-10-06T22:30:00+00:00,28.5607,soccer.asian_handicap,period=ft,away,handicap=-0.25,2.7
2026-10-07T00:01:26.358550+02:00,36609360,Brasileiro Serie B,Brazil,SC Recife PE,Sao Bernardo FC,2026-10-06T22:30:00+00:00,28.5607,soccer.asian_handicap,period=ft,home,handicap=0,1.26
2026-10-07T00:01:26.358550+02:00,36609360,Brasileiro Serie B,Brazil,SC Recife PE,Sao Bernardo FC,2026-10-06T22:30:00+00:00,28.5607,soccer.asian_handicap,period=ft,away,handicap=0,3.8
2026-10-07T00:01:26.358550+02:00,36609360,Brasileiro Serie B,Brazil,SC Recife PE,Sao Bernardo FC,2026-10-06T22:30:00+00:00,28.5607,soccer.asian_handicap,period=ft,home,handicap=0.25,1.21
2026-10-07T00:01:26.358550+02:00,36609360,Brasileiro Serie B,Brazil,SC Recife PE,Sao Bernardo FC,2026-10-06T22:30:00+00:00,28.5607,soccer.asian_handicap,period=ft,away,handicap=0.25,4.35
2026-10-07T00:01:26.358550+02:00,36609360,Brasileiro Serie B,Brazil,SC Recife PE,Sao Bernardo FC,2026-10-06T22:30:00+00:00,28.5607,soccer.double_chance,period=ft,draw_away,,2.19
2026-10-07T00:01:26.358550+02:00,36609360,Brasileiro Serie B,Brazil,SC Recife PE,Sao Bernardo FC,2026-10-06T22:30:00+00:00,28.5607,soccer.double_chance,period=ft,home_away,,1.26
2026-10-07T00:01:26.358550+02:00,36609360,Brasileiro Serie B,Brazil,SC Recife PE,Sao Bernardo FC,2026-10-06T22:30:00+00:00,28.5607,soccer.double_chance,period=ft,home_draw,,1.17
2026-10-07T00:01:26.358550+02:00,36609360,Brasileiro Serie B,Brazil,SC Recife PE,Sao Bernardo FC,2026-10-06T22:30:00+00:00,28.5607,soccer.match_odds,period=ft,home,,1.68
2026-10-07T00:01:26.358550+02:00,36609360,Brasileiro Serie B,Brazil,SC Recife PE,Sao Bernardo FC,2026-10-06T22:30:00+00:00,28.5607,soccer.match_odds,period=ft,draw,,3.8
2026-10-07T00:01:26.358550+02:00,36609360,Brasileiro Serie B,Brazil,SC Recife PE,Sao Bernardo FC,2026-10-06T22:30:00+00:00,28.5607,soccer.match_odds,period=ft,away,,5.0
2026-10-07T00:01:26.358550+02:00,36609360,Brasileiro Serie B,Brazil,SC Recife PE,Sao Bernardo FC,2026-10-06T22:30:00+00:00,28.5607,soccer.total_goals,period=ft,over,total=2.5,1.93
2026-10-07T00:01:26.358550+02:00,36609360,Brasileiro Serie B,Brazil,SC Recife PE,Sao Bernardo FC,2026-10-06T22:30:00+00:00,28.5607,soccer.total_goals,period=ft,under,total=2.5,1.89
2026-10-07T00:01:26.358550+02:00,36609360,Brasileiro Serie B,Brazil,SC Recife PE,Sao Bernardo FC,2026-10-06T22:30:00+00:00,28.5607,soccer.total_goals,period=ft,over,total=1.5,1.29
2026-10-07T00:01:26.358550+02:00,36609360,Brasileiro Serie B,Brazil,SC Recife PE,Sao Bernardo FC,2026-10-06T22:30:00+00:00,28.5607,soccer.total_goals,period=ft,under,total=1.5,3.5
2026-10-07T00:01:26.358550+02:00,36609360,Brasileiro Serie B,Brazil,SC Recife PE,Sao Bernardo FC,2026-10-06T22:30:00+00:00,28.5607,soccer.total_goals,period=ft,over,total=2,1.46
2026-10-07T00:01:26.358550+02:00,36609360,Brasileiro Serie B,Brazil,SC Recife PE,Sao Bernardo FC,2026-10-06T22:30:00+00:00,28.5607,soccer.total_goals,period=ft,under,total=2,2.7
2026-10-07T00:01:26.358550+02:00,36609360,Brasileiro Serie B,Brazil,SC Recife PE,Sao Bernardo FC,2026-10-06T22:30:00+00:00,28.5607,soccer.total_goals,period=ft,over,total=2.25,1.69
2026-10-07T00:01:26.358550+02:00,36609360,Brasileiro Serie B,Brazil,SC Recife PE,Sao Bernardo FC,2026-10-06T22:30:00+00:00,28.5607,soccer.total_goals,period=ft,under,total=2.25,2.17
2026-10-07T00:01:26.358550+02:00,36609360,Brasileiro Serie B,Brazil,SC Recife PE,Sao Bernardo FC,2026-10-06T22:30:00+00:00,28.5607,soccer.total_goals,period=ft,over,total=2.75,2.18
2026-10-07T00:01:26.358550+02:00,36609360,Brasileiro Serie B,Brazil,SC Recife PE,Sao Bernardo FC,2026-10-06T22:30:00+00:00,28.5607,soccer.total_goals,period=ft,under,total=2.75,1.69
2026-10-07T00:01:26.358550+02:00,36609360,Brasileiro Serie B,Brazil,SC Recife PE,Sao Bernardo FC,2026-10-06T22:30:00+00:00,28.5607,soccer.total_goals,period=ft,over,total=3,2.6
2026-10-07T00:01:26.358550+02:00,36609360,Brasileiro Serie B,Brazil,SC Recife PE,Sao Bernardo FC,2026-10-06T22:30:00+00:00,28.5607,soccer.total_goals,period=ft,under,total=3,1.48
2026-10-07T00:01:26.358550+02:00,36609360,Brasileiro Serie B,Brazil,SC Recife PE,Sao Bernardo FC,2026-10-06T22:30:00+00:00,28.5607,soccer.total_goals,period=ft,over,total=3.5,3.3
2026-10-07T00:01:26.358550+02:00,36609360,Brasileiro Serie B,Brazil,SC Recife PE,Sao Bernardo FC,2026-10-06T22:30:00+00:00,28.5607,soccer.total_goals,period=ft,under,total=3.5,1.32
2026-10-07T00:01:26.358550+02:00,36609360,Brasileiro Serie B,Brazil,SC Recife PE,Sao Bernardo FC,2026-10-06T22:30:00+00:00,28.5607,soccer.total_goals,period=ft,over,total=4.5,6.45
2026-10-07T00:01:26.358550+02:00,36609360,Brasileiro Serie B,Brazil,SC Recife PE,Sao Bernardo FC,2026-10-06T22:30:00+00:00,28.5607,soccer.total_goals,period=ft,under,total=4.5,1.11
2026-10-07T00:01:26.358550+02:00,36597225,Brasileiro Serie B,Brazil,Goias EC GO,Athletic Club Sjdr MG,2026-10-06T23:30:00+00:00,88.5607,soccer.asian_handicap,period=ft,home,handicap=-0.5,2.01
2026-10-07T00:01:26.358550+02:00,36597225,Brasileiro Serie B,Brazil,Goias EC GO,Athletic Club Sjdr MG,2026-10-06T23:30:00+00:00,88.5607,soccer.asian_handicap,period=ft,away,handicap=-0.5,1.83
2026-10-07T00:01:26.358550+02:00,36597225,Brasileiro Serie B,Brazil,Goias EC GO,Athletic Club Sjdr MG,2026-10-06T23:30:00+00:00,88.5607,soccer.asian_handicap,period=ft,home,handicap=-1.5,4.0
2026-10-07T00:01:26.358550+02:00,36597225,Brasileiro Serie B,Brazil,Goias EC GO,Athletic Club Sjdr MG,2026-10-06T23:30:00+00:00,88.5607,soccer.asian_handicap,period=ft,away,handicap=-1.5,1.24
2026-10-07T00:01:26.358550+02:00,36597225,Brasileiro Serie B,Brazil,Goias EC GO,Athletic Club Sjdr MG,2026-10-06T23:30:00+00:00,88.5607,soccer.asian_handicap,period=ft,home,handicap=-1.25,3.5
2026-10-07T00:01:26.358550+02:00,36597225,Brasileiro Serie B,Brazil,Goias EC GO,Athletic Club Sjdr MG,2026-10-06T23:30:00+00:00,88.5607,soccer.asian_handicap,period=ft,away,handicap=-1.25,1.3
2026-10-07T00:01:26.358550+02:00,36597225,Brasileiro Serie B,Brazil,Goias EC GO,Athletic Club Sjdr MG,2026-10-06T23:30:00+00:00,88.5607,soccer.asian_handicap,period=ft,home,handicap=-1,3.05
2026-10-07T00:01:26.358550+02:00,36597225,Brasileiro Serie B,Brazil,Goias EC GO,Athletic Club Sjdr MG,2026-10-06T23:30:00+00:00,88.5607,soccer.asian_handicap,period=ft,away,handicap=-1,1.38
2026-10-07T00:01:26.358550+02:00,36597225,Brasileiro Serie B,Brazil,Goias EC GO,Athletic Club Sjdr MG,2026-10-06T23:30:00+00:00,88.5607,soccer.asian_handicap,period=ft,home,handicap=-0.75,2.35
2026-10-07T00:01:26.358550+02:00,36597225,Brasileiro Serie B,Brazil,Goias EC GO,Athletic Club Sjdr MG,2026-10-06T23:30:00+00:00,88.5607,soccer.asian_handicap,period=ft,away,handicap=-0.75,1.6
2026-10-07T00:01:26.358550+02:00,36597225,Brasileiro Serie B,Brazil,Goias EC GO,Athletic Club Sjdr MG,2026-10-06T23:30:00+00:00,88.5607,soccer.asian_handicap,period=ft,home,handicap=-0.25,1.71
2026-10-07T00:01:26.358550+02:00,36597225,Brasileiro Serie B,Brazil,Goias EC GO,Athletic Club Sjdr MG,2026-10-06T23:30:00+00:00,88.5607,soccer.asian_handicap,period=ft,away,handicap=-0.25,2.17
2026-10-07T00:01:26.358550+02:00,36597225,Brasileiro Serie B,Brazil,Goias EC GO,Athletic Club Sjdr MG,2026-10-06T23:30:00+00:00,88.5607,soccer.asian_handicap,period=ft,home,handicap=0,1.4
2026-10-07T00:01:26.358550+02:00,36597225,Brasileiro Serie B,Brazil,Goias EC GO,Athletic Club Sjdr MG,2026-10-06T23:30:00+00:00,88.5607,soccer.asian_handicap,period=ft,away,handicap=0,2.95
2026-10-07T00:01:26.358550+02:00,36597225,Brasileiro Serie B,Brazil,Goias EC GO,Athletic Club Sjdr MG,2026-10-06T23:30:00+00:00,88.5607,soccer.asian_handicap,period=ft,home,handicap=0.25,1.29
2026-10-07T00:01:26.358550+02:00,36597225,Brasileiro Serie B,Brazil,Goias EC GO,Athletic Club Sjdr MG,2026-10-06T23:30:00+00:00,88.5607,soccer.asian_handicap,period=ft,away,handicap=0.25,3.55
2026-10-07T00:01:26.358550+02:00,36597225,Brasileiro Serie B,Brazil,Goias EC GO,Athletic Club Sjdr MG,2026-10-06T23:30:00+00:00,88.5607,soccer.asian_handicap,period=ft,home,handicap=0.5,1.23
2026-10-07T00:01:26.358550+02:00,36597225,Brasileiro Serie B,Brazil,Goias EC GO,Athletic Club Sjdr MG,2026-10-06T23:30:00+00:00,88.5607,soccer.asian_handicap,period=ft,away,handicap=0.5,4.15
2026-10-07T00:01:26.358550+02:00,36597225,Brasileiro Serie B,Brazil,Goias EC GO,Athletic Club Sjdr MG,2026-10-06T23:30:00+00:00,88.5607,soccer.double_chance,period=ft,draw_away,,1.8
2026-10-07T00:01:26.358550+02:00,36597225,Brasileiro Serie B,Brazil,Goias EC GO,Athletic Club Sjdr MG,2026-10-06T23:30:00+00:00,88.5607,soccer.double_chance,period=ft,home_away,,1.36
2026-10-07T00:01:26.358550+02:00,36597225,Brasileiro Serie B,Brazil,Goias EC GO,Athletic Club Sjdr MG,2026-10-06T23:30:00+00:00,88.5607,soccer.double_chance,period=ft,home_draw,,1.23
2026-10-07T00:01:26.358550+02:00,36597225,Brasileiro Serie B,Brazil,Goias EC GO,Athletic Club Sjdr MG,2026-10-06T23:30:00+00:00,88.5607,soccer.match_odds,period=ft,home,,2.01
2026-10-07T00:01:26.358550+02:00,36597225,Brasileiro Serie B,Brazil,Goias EC GO,Athletic Club Sjdr MG,2026-10-06T23:30:00+00:00,88.5607,soccer.match_odds,period=ft,draw,,3.1
2026-10-07T00:01:26.358550+02:00,36597225,Brasileiro Serie B,Brazil,Goias EC GO,Athletic Club Sjdr MG,2026-10-06T23:30:00+00:00,88.5607,soccer.match_odds,period=ft,away,,4.2
2026-10-07T00:01:26.358550+02:00,36597225,Brasileiro Serie B,Brazil,Goias EC GO,Athletic Club Sjdr MG,2026-10-06T23:30:00+00:00,88.5607,soccer.total_goals,period=ft,over,total=2,1.84
2026-10-07T00:01:26.358550+02:00,36597225,Brasileiro Serie B,Brazil,Goias EC GO,Athletic Club Sjdr MG,2026-10-06T23:30:00+00:00,88.5607,soccer.total_goals,period=ft,under,total=2,2.0
2026-10-07T00:01:26.358550+02:00,36597225,Brasileiro Serie B,Brazil,Goias EC GO,Athletic Club Sjdr MG,2026-10-06T23:30:00+00:00,88.5607,soccer.total_goals,period=ft,over,total=0.5,1.09
2026-10-07T00:01:26.358550+02:00,36597225,Brasileiro Serie B,Brazil,Goias EC GO,Athletic Club Sjdr MG,2026-10-06T23:30:00+00:00,88.5607,soccer.total_goals,period=ft,under,total=0.5,7.05
2026-10-07T00:01:26.358550+02:00,36597225,Brasileiro Serie B,Brazil,Goias EC GO,Athletic Club Sjdr MG,2026-10-06T23:30:00+00:00,88.5607,soccer.total_goals,period=ft,over,total=1.5,1.47
2026-10-07T00:01:26.358550+02:00,36597225,Brasileiro Serie B,Brazil,Goias EC GO,Athletic Club Sjdr MG,2026-10-06T23:30:00+00:00,88.5607,soccer.total_goals,period=ft,under,total=1.5,2.65
2026-10-07T00:01:26.358550+02:00,36597225,Brasileiro Serie B,Brazil,Goias EC GO,Athletic Club Sjdr MG,2026-10-06T23:30:00+00:00,88.5607,soccer.total_goals,period=ft,over,total=1.75,1.6
2026-10-07T00:01:26.358550+02:00,36597225,Brasileiro Serie B,Brazil,Goias EC GO,Athletic Club Sjdr MG,2026-10-06T23:30:00+00:00,88.5607,soccer.total_goals,period=ft,under,total=1.75,2.3
2026-10-07T00:01:26.358550+02:00,36597225,Brasileiro Serie B,Brazil,Goias EC GO,Athletic Club Sjdr MG,2026-10-06T23:30:00+00:00,88.5607,soccer.total_goals,period=ft,over,total=2.25,2.16
2026-10-07T00:01:26.358550+02:00,36597225,Brasileiro Serie B,Brazil,Goias EC GO,Athletic Club Sjdr MG,2026-10-06T23:30:00+00:00,88.5607,soccer.total_goals,period=ft,under,total=2.25,1.7
2026-10-07T00:01:26.358550+02:00,36597225,Brasileiro Serie B,Brazil,Goias EC GO,Athletic Club Sjdr MG,2026-10-06T23:30:00+00:00,88.5607,soccer.total_goals,period=ft,over,total=2.5,2.45
2026-10-07T00:01:26.358550+02:00,36597225,Brasileiro Serie B,Brazil,Goias EC GO,Athletic Club Sjdr MG,2026-10-06T23:30:00+00:00,88.5607,soccer.total_goals,period=ft,under,total=2.5,1.54
2026-10-07T00:01:26.358550+02:00,36597225,Brasileiro Serie B,Brazil,Goias EC GO,Athletic Club Sjdr MG,2026-10-06T23:30:00+00:00,88.5607,soccer.total_goals,period=ft,over,total=3.5,4.8
2026-10-07T00:01:26.358550+02:00,36597225,Brasileiro Serie B,Brazil,Goias EC GO,Athletic Club Sjdr MG,2026-10-06T23:30:00+00:00,88.5607,soccer.total_goals,period=ft,under,total=3.5,1.17
