captured_at_local,source_odd_date,match_id,home_team,away_team,kickoff_local,minutes_to_kickoff,bookmaker,market_key,odds
2026-09-27T12:23:34.564118+02:00,2026-09-26 03:22:45,788698,Llanera,Rayo Cantabria,2026-09-27T12:30:00+02:00,6.424,Bet365,ah0_1,1.8
2026-09-27T12:23:34.564118+02:00,2026-09-26 03:22:45,788698,Llanera,Rayo Cantabria,2026-09-27T12:30:00+02:00,6.424,Bet365,ah0_2,2
2026-09-27T12:23:34.564118+02:00,2026-09-26 03:22:45,788698,Llanera,Rayo Cantabria,2026-09-27T12:30:00+02:00,6.424,Bet365,o+2.5,1.8
2026-09-27T12:23:34.564118+02:00,2026-09-26 03:22:45,788698,Llanera,Rayo Cantabria,2026-09-27T12:30:00+02:00,6.424,Bet365,odd_1,2.3
2026-09-27T12:23:34.564118+02:00,2026-09-26 03:22:45,788698,Llanera,Rayo Cantabria,2026-09-27T12:30:00+02:00,6.424,Bet365,odd_12,1.25
2026-09-27T12:23:34.564118+02:00,2026-09-26 03:22:45,788698,Llanera,Rayo Cantabria,2026-09-27T12:30:00+02:00,6.424,Bet365,odd_1x,1.44
2026-09-27T12:23:34.564118+02:00,2026-09-26 03:22:45,788698,Llanera,Rayo Cantabria,2026-09-27T12:30:00+02:00,6.424,Bet365,odd_2,2.55
2026-09-27T12:23:34.564118+02:00,2026-09-26 03:22:45,788698,Llanera,Rayo Cantabria,2026-09-27T12:30:00+02:00,6.424,Bet365,odd_x,3.4
2026-09-27T12:23:34.564118+02:00,2026-09-26 03:22:45,788698,Llanera,Rayo Cantabria,2026-09-27T12:30:00+02:00,6.424,Bet365,odd_x2,1.5
2026-09-27T12:23:34.564118+02:00,2026-09-26 03:22:45,788698,Llanera,Rayo Cantabria,2026-09-27T12:30:00+02:00,6.424,Bet365,u+2.5,2
2026-09-27T12:23:34.564118+02:00,2026-09-26 03:22:48,830994,Barletta,Potenza,2026-09-27T12:30:00+02:00,6.424,Bet365,ah+0.5_1,1.5
2026-09-27T12:23:34.564118+02:00,2026-09-26 03:22:48,830994,Barletta,Potenza,2026-09-27T12:30:00+02:00,6.424,Bet365,ah+1.5_1,1.16
2026-09-27T12:23:34.564118+02:00,2026-09-26 03:22:48,830994,Barletta,Potenza,2026-09-27T12:30:00+02:00,6.424,Bet365,ah+1.5_2,5.25
2026-09-27T12:23:34.564118+02:00,2026-09-26 03:22:48,830994,Barletta,Potenza,2026-09-27T12:30:00+02:00,6.424,Bet365,ah+1_1,1.22
2026-09-27T12:23:34.564118+02:00,2026-09-26 03:22:48,830994,Barletta,Potenza,2026-09-27T12:30:00+02:00,6.424,Bet365,ah+1_2,4.15
2026-09-27T12:23:34.564118+02:00,2026-09-26 03:22:48,830994,Barletta,Potenza,2026-09-27T12:30:00+02:00,6.424,Bet365,ah-1.5_1,5.25
2026-09-27T12:23:34.564118+02:00,2026-09-26 03:22:48,830994,Barletta,Potenza,2026-09-27T12:30:00+02:00,6.424,Bet365,ah-1.5_2,1.16
2026-09-27T12:23:34.564118+02:00,2026-09-26 03:22:48,830994,Barletta,Potenza,2026-09-27T12:30:00+02:00,6.424,Bet365,ah-1_1,4.15
2026-09-27T12:23:34.564118+02:00,2026-09-26 03:22:48,830994,Barletta,Potenza,2026-09-27T12:30:00+02:00,6.424,Bet365,ah-1_2,1.22
2026-09-27T12:23:34.564118+02:00,2026-09-26 03:22:48,830994,Barletta,Potenza,2026-09-27T12:30:00+02:00,6.424,Bet365,ah0_1,1.9
2026-09-27T12:23:34.564118+02:00,2026-09-26 03:22:48,830994,Barletta,Potenza,2026-09-27T12:30:00+02:00,6.424,Bet365,ah0_2,1.9
2026-09-27T12:23:34.564118+02:00,2026-09-26 03:22:48,830994,Barletta,Potenza,2026-09-27T12:30:00+02:00,6.424,Bet365,o+0.5,1.05
2026-09-27T12:23:34.564118+02:00,2026-09-26 03:22:48,830994,Barletta,Potenza,2026-09-27T12:30:00+02:00,6.424,Bet365,o+1.5,1.25
2026-09-27T12:23:34.564118+02:00,2026-09-26 03:22:48,830994,Barletta,Potenza,2026-09-27T12:30:00+02:00,6.424,Bet365,o+2.5,1.85
2026-09-27T12:23:34.564118+02:00,2026-09-26 03:22:48,830994,Barletta,Potenza,2026-09-27T12:30:00+02:00,6.424,Bet365,o+3.5,3
2026-09-27T12:23:34.564118+02:00,2026-09-26 03:22:48,830994,Barletta,Potenza,2026-09-27T12:30:00+02:00,6.424,Bet365,o+4.5,5.5
2026-09-27T12:23:34.564118+02:00,2026-09-26 03:22:48,830994,Barletta,Potenza,2026-09-27T12:30:00+02:00,6.424,Bet365,o+5.5,9
2026-09-27T12:23:34.564118+02:00,2026-09-26 03:22:48,830994,Barletta,Potenza,2026-09-27T12:30:00+02:00,6.424,Bet365,odd_1,2.5
2026-09-27T12:23:34.564118+02:00,2026-09-26 03:22:48,830994,Barletta,Potenza,2026-09-27T12:30:00+02:00,6.424,Bet365,odd_12,1.28
2026-09-27T12:23:34.564118+02:00,2026-09-26 03:22:48,830994,Barletta,Potenza,2026-09-27T12:30:00+02:00,6.424,Bet365,odd_1x,1.44
2026-09-27T12:23:34.564118+02:00,2026-09-26 03:22:48,830994,Barletta,Potenza,2026-09-27T12:30:00+02:00,6.424,Bet365,odd_2,2.5
2026-09-27T12:23:34.564118+02:00,2026-09-26 03:22:48,830994,Barletta,Potenza,2026-09-27T12:30:00+02:00,6.424,Bet365,odd_x,3.2
2026-09-27T12:23:34.564118+02:00,2026-09-26 03:22:48,830994,Barletta,Potenza,2026-09-27T12:30:00+02:00,6.424,Bet365,odd_x2,1.44
2026-09-27T12:23:34.564118+02:00,2026-09-26 03:22:48,830994,Barletta,Potenza,2026-09-27T12:30:00+02:00,6.424,Bet365,u+0.5,8.5
2026-09-27T12:23:34.564118+02:00,2026-09-26 03:22:48,830994,Barletta,Potenza,2026-09-27T12:30:00+02:00,6.424,Bet365,u+1.5,3.75
2026-09-27T12:23:34.564118+02:00,2026-09-26 03:22:48,830994,Barletta,Potenza,2026-09-27T12:30:00+02:00,6.424,Bet365,u+2.5,1.95
2026-09-27T12:23:34.564118+02:00,2026-09-26 03:22:48,830994,Barletta,Potenza,2026-09-27T12:30:00+02:00,6.424,Bet365,u+3.5,1.36
2026-09-27T12:23:34.564118+02:00,2026-09-26 03:22:48,830994,Barletta,Potenza,2026-09-27T12:30:00+02:00,6.424,Bet365,u+4.5,1.12
2026-09-27T12:23:34.564118+02:00,2026-09-26 03:22:48,830994,Barletta,Potenza,2026-09-27T12:30:00+02:00,6.424,Bet365,u+5.5,1.04
2026-09-27T12:23:34.564118+02:00,2026-09-26 03:22:48,830996,Casertana,Catania,2026-09-27T12:30:00+02:00,6.424,Bet365,ah+0.5_1,1.55
2026-09-27T12:23:34.564118+02:00,2026-09-26 03:22:48,830996,Casertana,Catania,2026-09-27T12:30:00+02:00,6.424,Bet365,ah+1.5_1,1.16
2026-09-27T12:23:34.564118+02:00,2026-09-26 03:22:48,830996,Casertana,Catania,2026-09-27T12:30:00+02:00,6.424,Bet365,ah+1.5_2,5.25
2026-09-27T12:23:34.564118+02:00,2026-09-26 03:22:48,830996,Casertana,Catania,2026-09-27T12:30:00+02:00,6.424,Bet365,ah+1_1,1.23
2026-09-27T12:23:34.564118+02:00,2026-09-26 03:22:48,830996,Casertana,Catania,2026-09-27T12:30:00+02:00,6.424,Bet365,ah+1_2,4
2026-09-27T12:23:34.564118+02:00,2026-09-26 03:22:48,830996,Casertana,Catania,2026-09-27T12:30:00+02:00,6.424,Bet365,ah-1.5_1,6.25
2026-09-27T12:23:34.564118+02:00,2026-09-26 03:22:48,830996,Casertana,Catania,2026-09-27T12:30:00+02:00,6.424,Bet365,ah-1.5_2,1.12
2026-09-27T12:23:34.564118+02:00,2026-09-26 03:22:48,830996,Casertana,Catania,2026-09-27T12:30:00+02:00,6.424,Bet365,ah-1_1,5.25
2026-09-27T12:23:34.564118+02:00,2026-09-26 03:22:48,830996,Casertana,Catania,2026-09-27T12:30:00+02:00,6.424,Bet365,ah-1_2,1.16
2026-09-27T12:23:34.564118+02:00,2026-09-26 03:22:48,830996,Casertana,Catania,2026-09-27T12:30:00+02:00,6.424,Bet365,ah0_1,2.05
2026-09-27T12:23:34.564118+02:00,2026-09-26 03:22:48,830996,Casertana,Catania,2026-09-27T12:30:00+02:00,6.424,Bet365,ah0_2,1.75
2026-09-27T12:23:34.564118+02:00,2026-09-26 03:22:48,830996,Casertana,Catania,2026-09-27T12:30:00+02:00,6.424,Bet365,o+0.5,1.08
2026-09-27T12:23:34.564118+02:00,2026-09-26 03:22:48,830996,Casertana,Catania,2026-09-27T12:30:00+02:00,6.424,Bet365,o+1.5,1.4
2026-09-27T12:23:34.564118+02:00,2026-09-26 03:22:48,830996,Casertana,Catania,2026-09-27T12:30:00+02:00,6.424,Bet365,o+2.5,2.25
2026-09-27T12:23:34.564118+02:00,2026-09-26 03:22:48,830996,Casertana,Catania,2026-09-27T12:30:00+02:00,6.424,Bet365,o+3.5,4
2026-09-27T12:23:34.564118+02:00,2026-09-26 03:22:48,830996,Casertana,Catania,2026-09-27T12:30:00+02:00,6.424,Bet365,o+4.5,7.5
2026-09-27T12:23:34.564118+02:00,2026-09-26 03:22:48,830996,Casertana,Catania,2026-09-27T12:30:00+02:00,6.424,Bet365,o+5.5,11
2026-09-27T12:23:34.564118+02:00,2026-09-26 03:22:48,830996,Casertana,Catania,2026-09-27T12:30:00+02:00,6.424,Bet365,odd_1,2.75
2026-09-27T12:23:34.564118+02:00,2026-09-26 03:22:48,830996,Casertana,Catania,2026-09-27T12:30:00+02:00,6.424,Bet365,odd_12,1.3
2026-09-27T12:23:34.564118+02:00,2026-09-26 03:22:48,830996,Casertana,Catania,2026-09-27T12:30:00+02:00,6.424,Bet365,odd_1x,1.5
2026-09-27T12:23:34.564118+02:00,2026-09-26 03:22:48,830996,Casertana,Catania,2026-09-27T12:30:00+02:00,6.424,Bet365,odd_2,2.38
2026-09-27T12:23:34.564118+02:00,2026-09-26 03:22:48,830996,Casertana,Catania,2026-09-27T12:30:00+02:00,6.424,Bet365,odd_x,3
2026-09-27T12:23:34.564118+02:00,2026-09-26 03:22:48,830996,Casertana,Catania,2026-09-27T12:30:00+02:00,6.424,Bet365,odd_x2,1.36
2026-09-27T12:23:34.564118+02:00,2026-09-26 03:22:48,830996,Casertana,Catania,2026-09-27T12:30:00+02:00,6.424,Bet365,u+0.5,7
2026-09-27T12:23:34.564118+02:00,2026-09-26 03:22:48,830996,Casertana,Catania,2026-09-27T12:30:00+02:00,6.424,Bet365,u+1.5,2.75
2026-09-27T12:23:34.564118+02:00,2026-09-26 03:22:48,830996,Casertana,Catania,2026-09-27T12:30:00+02:00,6.424,Bet365,u+2.5,1.62
2026-09-27T12:23:34.564118+02:00,2026-09-26 03:22:48,830996,Casertana,Catania,2026-09-27T12:30:00+02:00,6.424,Bet365,u+3.5,1.22
2026-09-27T12:23:34.564118+02:00,2026-09-26 03:22:48,830996,Casertana,Catania,2026-09-27T12:30:00+02:00,6.424,Bet365,u+4.5,1.07
2026-09-27T12:23:34.564118+02:00,2026-09-26 03:22:48,830996,Casertana,Catania,2026-09-27T12:30:00+02:00,6.424,Bet365,u+5.5,1.02
2026-09-27T12:23:34.564118+02:00,2026-09-26 03:22:54,716167,Arendal,Brattvag,2026-09-27T13:00:00+02:00,36.424,Bet365,ah+0.5_1,1.7
2026-09-27T12:23:34.564118+02:00,2026-09-26 03:22:54,716167,Arendal,Brattvag,2026-09-27T13:00:00+02:00,36.424,Bet365,ah+1.5_1,1.26
2026-09-27T12:23:34.564118+02:00,2026-09-26 03:22:54,716167,Arendal,Brattvag,2026-09-27T13:00:00+02:00,36.424,Bet365,ah+1.5_2,3.7
2026-09-27T12:23:34.564118+02:00,2026-09-26 03:22:54,716167,Arendal,Brattvag,2026-09-27T13:00:00+02:00,36.424,Bet365,ah+1_1,1.38
2026-09-27T12:23:34.564118+02:00,2026-09-26 03:22:54,716167,Arendal,Brattvag,2026-09-27T13:00:00+02:00,36.424,Bet365,ah+1_2,3
2026-09-27T12:23:34.564118+02:00,2026-09-26 03:22:54,716167,Arendal,Brattvag,2026-09-27T13:00:00+02:00,36.424,Bet365,ah+2_1,1.11
2026-09-27T12:23:34.564118+02:00,2026-09-26 03:22:54,716167,Arendal,Brattvag,2026-09-27T13:00:00+02:00,36.424,Bet365,ah+2_2,6.6
2026-09-27T12:23:34.564118+02:00,2026-09-26 03:22:54,716167,Arendal,Brattvag,2026-09-27T13:00:00+02:00,36.424,Bet365,ah-1.5_1,5.5
2026-09-27T12:23:34.564118+02:00,2026-09-26 03:22:54,716167,Arendal,Brattvag,2026-09-27T13:00:00+02:00,36.424,Bet365,ah-1.5_2,1.15
2026-09-27T12:23:34.564118+02:00,2026-09-26 03:22:54,716167,Arendal,Brattvag,2026-09-27T13:00:00+02:00,36.424,Bet365,ah-1_1,4.5
2026-09-27T12:23:34.564118+02:00,2026-09-26 03:22:54,716167,Arendal,Brattvag,2026-09-27T13:00:00+02:00,36.424,Bet365,ah-1_2,1.19
2026-09-27T12:23:34.564118+02:00,2026-09-26 03:22:54,716167,Arendal,Brattvag,2026-09-27T13:00:00+02:00,36.424,Bet365,ah0_1,2.2
2026-09-27T12:23:34.564118+02:00,2026-09-26 03:22:54,716167,Arendal,Brattvag,2026-09-27T13:00:00+02:00,36.424,Bet365,ah0_2,1.65
2026-09-27T12:23:34.564118+02:00,2026-09-26 03:22:54,716167,Arendal,Brattvag,2026-09-27T13:00:00+02:00,36.424,Bet365,o+0.5,1
2026-09-27T12:23:34.564118+02:00,2026-09-26 03:22:54,716167,Arendal,Brattvag,2026-09-27T13:00:00+02:00,36.424,Bet365,o+1.5,1.14
2026-09-27T12:23:34.564118+02:00,2026-09-26 03:22:54,716167,Arendal,Brattvag,2026-09-27T13:00:00+02:00,36.424,Bet365,o+2.5,1.5
2026-09-27T12:23:34.564118+02:00,2026-09-26 03:22:54,716167,Arendal,Brattvag,2026-09-27T13:00:00+02:00,36.424,Bet365,o+3.5,2.1
2026-09-27T12:23:34.564118+02:00,2026-09-26 03:22:54,716167,Arendal,Brattvag,2026-09-27T13:00:00+02:00,36.424,Bet365,o+4.5,3.75
2026-09-27T12:23:34.564118+02:00,2026-09-26 03:22:54,716167,Arendal,Brattvag,2026-09-27T13:00:00+02:00,36.424,Bet365,o+5.5,6.5
2026-09-27T12:23:34.564118+02:00,2026-09-26 03:22:54,716167,Arendal,Brattvag,2026-09-27T13:00:00+02:00,36.424,Bet365,odd_1,2.7
2026-09-27T12:23:34.564118+02:00,2026-09-26 03:22:54,716167,Arendal,Brattvag,2026-09-27T13:00:00+02:00,36.424,Bet365,odd_12,1.2
2026-09-27T12:23:34.564118+02:00,2026-09-26 03:22:54,716167,Arendal,Brattvag,2026-09-27T13:00:00+02:00,36.424,Bet365,odd_1x,1.6
2026-09-27T12:23:34.564118+02:00,2026-09-26 03:22:54,716167,Arendal,Brattvag,2026-09-27T13:00:00+02:00,36.424,Bet365,odd_2,2.1
2026-09-27T12:23:34.564118+02:00,2026-09-26 03:22:54,716167,Arendal,Brattvag,2026-09-27T13:00:00+02:00,36.424,Bet365,odd_x,3.75
2026-09-27T12:23:34.564118+02:00,2026-09-26 03:22:54,716167,Arendal,Brattvag,2026-09-27T13:00:00+02:00,36.424,Bet365,odd_x2,1.36
2026-09-27T12:23:34.564118+02:00,2026-09-26 03:22:54,716167,Arendal,Brattvag,2026-09-27T13:00:00+02:00,36.424,Bet365,u+0.5,21
2026-09-27T12:23:34.564118+02:00,2026-09-26 03:22:54,716167,Arendal,Brattvag,2026-09-27T13:00:00+02:00,36.424,Bet365,u+1.5,5
2026-09-27T12:23:34.564118+02:00,2026-09-26 03:22:54,716167,Arendal,Brattvag,2026-09-27T13:00:00+02:00,36.424,Bet365,u+2.5,2.5
2026-09-27T12:23:34.564118+02:00,2026-09-26 03:22:54,716167,Arendal,Brattvag,2026-09-27T13:00:00+02:00,36.424,Bet365,u+3.5,1.67
2026-09-27T12:23:34.564118+02:00,2026-09-26 03:22:54,716167,Arendal,Brattvag,2026-09-27T13:00:00+02:00,36.424,Bet365,u+4.5,1.25
2026-09-27T12:23:34.564118+02:00,2026-09-26 03:22:54,716167,Arendal,Brattvag,2026-09-27T13:00:00+02:00,36.424,Bet365,u+5.5,1.1
2026-09-27T12:23:34.564118+02:00,2026-09-26 03:22:55,717327,IF Brommapojkarna W,Malmo FF W,2026-09-27T13:00:00+02:00,36.424,Bet365,ah+1_1,2.02
2026-09-27T12:23:34.564118+02:00,2026-09-26 03:22:55,717327,IF Brommapojkarna W,Malmo FF W,2026-09-27T13:00:00+02:00,36.424,Bet365,ah+1_2,1.78
2026-09-27T12:23:34.564118+02:00,2026-09-26 03:22:55,717327,IF Brommapojkarna W,Malmo FF W,2026-09-27T13:00:00+02:00,36.424,Bet365,o+0.5,1
2026-09-27T12:23:34.564118+02:00,2026-09-26 03:22:55,717327,IF Brommapojkarna W,Malmo FF W,2026-09-27T13:00:00+02:00,36.424,Bet365,o+1.5,1.14
2026-09-27T12:23:34.564118+02:00,2026-09-26 03:22:55,717327,IF Brommapojkarna W,Malmo FF W,2026-09-27T13:00:00+02:00,36.424,Bet365,o+2.5,1.5
2026-09-27T12:23:34.564118+02:00,2026-09-26 03:22:55,717327,IF Brommapojkarna W,Malmo FF W,2026-09-27T13:00:00+02:00,36.424,Bet365,o+3.5,2.2
2026-09-27T12:23:34.564118+02:00,2026-09-26 03:22:55,717327,IF Brommapojkarna W,Malmo FF W,2026-09-27T13:00:00+02:00,36.424,Bet365,o+4.5,3.75
2026-09-27T12:23:34.564118+02:00,2026-09-26 03:22:55,717327,IF Brommapojkarna W,Malmo FF W,2026-09-27T13:00:00+02:00,36.424,Bet365,o+5.5,6.5
2026-09-27T12:23:34.564118+02:00,2026-09-26 03:22:55,717327,IF Brommapojkarna W,Malmo FF W,2026-09-27T13:00:00+02:00,36.424,Bet365,odd_1,5
2026-09-27T12:23:34.564118+02:00,2026-09-26 03:22:55,717327,IF Brommapojkarna W,Malmo FF W,2026-09-27T13:00:00+02:00,36.424,Bet365,odd_12,1.17
2026-09-27T12:23:34.564118+02:00,2026-09-26 03:22:55,717327,IF Brommapojkarna W,Malmo FF W,2026-09-27T13:00:00+02:00,36.424,Bet365,odd_1x,2.4
2026-09-27T12:23:34.564118+02:00,2026-09-26 03:22:55,717327,IF Brommapojkarna W,Malmo FF W,2026-09-27T13:00:00+02:00,36.424,Bet365,odd_2,1.48
2026-09-27T12:23:34.564118+02:00,2026-09-26 03:22:55,717327,IF Brommapojkarna W,Malmo FF W,2026-09-27T13:00:00+02:00,36.424,Bet365,odd_x,4.2
2026-09-27T12:23:34.564118+02:00,2026-09-26 03:22:55,717327,IF Brommapojkarna W,Malmo FF W,2026-09-27T13:00:00+02:00,36.424,Bet365,odd_x2,1.11
2026-09-27T12:23:34.564118+02:00,2026-09-26 03:22:55,717327,IF Brommapojkarna W,Malmo FF W,2026-09-27T13:00:00+02:00,36.424,Bet365,u+0.5,19
2026-09-27T12:23:34.564118+02:00,2026-09-26 03:22:55,717327,IF Brommapojkarna W,Malmo FF W,2026-09-27T13:00:00+02:00,36.424,Bet365,u+1.5,5
2026-09-27T12:23:34.564118+02:00,2026-09-26 03:22:55,717327,IF Brommapojkarna W,Malmo FF W,2026-09-27T13:00:00+02:00,36.424,Bet365,u+2.5,2.5
2026-09-27T12:23:34.564118+02:00,2026-09-26 03:22:55,717327,IF Brommapojkarna W,Malmo FF W,2026-09-27T13:00:00+02:00,36.424,Bet365,u+3.5,1.62
2026-09-27T12:23:34.564118+02:00,2026-09-26 03:22:55,717327,IF Brommapojkarna W,Malmo FF W,2026-09-27T13:00:00+02:00,36.424,Bet365,u+4.5,1.25
2026-09-27T12:23:34.564118+02:00,2026-09-26 03:22:55,717327,IF Brommapojkarna W,Malmo FF W,2026-09-27T13:00:00+02:00,36.424,Bet365,u+5.5,1.1
2026-09-27T12:23:34.564118+02:00,2026-09-26 03:22:55,717330,Rosengard W,Pitea W,2026-09-27T13:00:00+02:00,36.424,Bet365,ah+0.5_1,1.3
2026-09-27T12:23:34.564118+02:00,2026-09-26 03:22:55,717330,Rosengard W,Pitea W,2026-09-27T13:00:00+02:00,36.424,Bet365,ah+1_1,1.11
2026-09-27T12:23:34.564118+02:00,2026-09-26 03:22:55,717330,Rosengard W,Pitea W,2026-09-27T13:00:00+02:00,36.424,Bet365,ah+1_2,6.6
2026-09-27T12:23:34.564118+02:00,2026-09-26 03:22:55,717330,Rosengard W,Pitea W,2026-09-27T13:00:00+02:00,36.424,Bet365,ah-1.5_1,3.45
2026-09-27T12:23:34.564118+02:00,2026-09-26 03:22:55,717330,Rosengard W,Pitea W,2026-09-27T13:00:00+02:00,36.424,Bet365,ah-1.5_2,1.3
2026-09-27T12:23:34.564118+02:00,2026-09-26 03:22:55,717330,Rosengard W,Pitea W,2026-09-27T13:00:00+02:00,36.424,Bet365,ah-1_1,2.68
2026-09-27T12:23:34.564118+02:00,2026-09-26 03:22:55,717330,Rosengard W,Pitea W,2026-09-27T13:00:00+02:00,36.424,Bet365,ah-1_2,1.45
2026-09-27T12:23:34.564118+02:00,2026-09-26 03:22:55,717330,Rosengard W,Pitea W,2026-09-27T13:00:00+02:00,36.424,Bet365,ah-2.5_1,7
2026-09-27T12:23:34.564118+02:00,2026-09-26 03:22:55,717330,Rosengard W,Pitea W,2026-09-27T13:00:00+02:00,36.424,Bet365,ah-2.5_2,1.1
2026-09-27T12:23:34.564118+02:00,2026-09-26 03:22:55,717330,Rosengard W,Pitea W,2026-09-27T13:00:00+02:00,36.424,Bet365,ah-2_1,6
2026-09-27T12:23:34.564118+02:00,2026-09-26 03:22:55,717330,Rosengard W,Pitea W,2026-09-27T13:00:00+02:00,36.424,Bet365,ah-2_2,1.12
2026-09-27T12:23:34.564118+02:00,2026-09-26 03:22:55,717330,Rosengard W,Pitea W,2026-09-27T13:00:00+02:00,36.424,Bet365,ah0_1,1.45
2026-09-27T12:23:34.564118+02:00,2026-09-26 03:22:55,717330,Rosengard W,Pitea W,2026-09-27T13:00:00+02:00,36.424,Bet365,ah0_2,2.68
2026-09-27T12:23:34.564118+02:00,2026-09-26 03:22:55,717330,Rosengard W,Pitea W,2026-09-27T13:00:00+02:00,36.424,Bet365,o+0.5,1.01
2026-09-27T12:23:34.564118+02:00,2026-09-26 03:22:55,717330,Rosengard W,Pitea W,2026-09-27T13:00:00+02:00,36.424,Bet365,o+1.5,1.25
2026-09-27T12:23:34.564118+02:00,2026-09-26 03:22:55,717330,Rosengard W,Pitea W,2026-09-27T13:00:00+02:00,36.424,Bet365,o+2.5,1.8
2026-09-27T12:23:34.564118+02:00,2026-09-26 03:22:55,717330,Rosengard W,Pitea W,2026-09-27T13:00:00+02:00,36.424,Bet365,o+3.5,3
2026-09-27T12:23:34.564118+02:00,2026-09-26 03:22:55,717330,Rosengard W,Pitea W,2026-09-27T13:00:00+02:00,36.424,Bet365,o+4.5,5
2026-09-27T12:23:34.564118+02:00,2026-09-26 03:22:55,717330,Rosengard W,Pitea W,2026-09-27T13:00:00+02:00,36.424,Bet365,o+5.5,8.5
2026-09-27T12:23:34.564118+02:00,2026-09-26 03:22:55,717330,Rosengard W,Pitea W,2026-09-27T13:00:00+02:00,36.424,Bet365,odd_1,1.85
2026-09-27T12:23:34.564118+02:00,2026-09-26 03:22:55,717330,Rosengard W,Pitea W,2026-09-27T13:00:00+02:00,36.424,Bet365,odd_12,1.22
2026-09-27T12:23:34.564118+02:00,2026-09-26 03:22:55,717330,Rosengard W,Pitea W,2026-09-27T13:00:00+02:00,36.424,Bet365,odd_1x,1.25
2026-09-27T12:23:34.564118+02:00,2026-09-26 03:22:55,717330,Rosengard W,Pitea W,2026-09-27T13:00:00+02:00,36.424,Bet365,odd_2,3.4
2026-09-27T12:23:34.564118+02:00,2026-09-26 03:22:55,717330,Rosengard W,Pitea W,2026-09-27T13:00:00+02:00,36.424,Bet365,odd_x,3.6
2026-09-27T12:23:34.564118+02:00,2026-09-26 03:22:55,717330,Rosengard W,Pitea W,2026-09-27T13:00:00+02:00,36.424,Bet365,odd_x2,1.8
2026-09-27T12:23:34.564118+02:00,2026-09-26 03:22:55,717330,Rosengard W,Pitea W,2026-09-27T13:00:00+02:00,36.424,Bet365,u+0.5,12
2026-09-27T12:23:34.564118+02:00,2026-09-26 03:22:55,717330,Rosengard W,Pitea W,2026-09-27T13:00:00+02:00,36.424,Bet365,u+1.5,3.75
2026-09-27T12:23:34.564118+02:00,2026-09-26 03:22:55,717330,Rosengard W,Pitea W,2026-09-27T13:00:00+02:00,36.424,Bet365,u+2.5,2
2026-09-27T12:23:34.564118+02:00,2026-09-26 03:22:55,717330,Rosengard W,Pitea W,2026-09-27T13:00:00+02:00,36.424,Bet365,u+3.5,1.36
2026-09-27T12:23:34.564118+02:00,2026-09-26 03:22:55,717330,Rosengard W,Pitea W,2026-09-27T13:00:00+02:00,36.424,Bet365,u+4.5,1.14
2026-09-27T12:23:34.564118+02:00,2026-09-26 03:22:55,717330,Rosengard W,Pitea W,2026-09-27T13:00:00+02:00,36.424,Bet365,u+5.5,1.05
2026-09-27T12:23:34.564118+02:00,2026-09-26 03:22:55,725176,Eskilsminne,AFC Malmo,2026-09-27T13:00:00+02:00,36.424,Bet365,ah+0.5_1,1.85
2026-09-27T12:23:34.564118+02:00,2026-09-26 03:22:55,725176,Eskilsminne,AFC Malmo,2026-09-27T13:00:00+02:00,36.424,Bet365,ah+1.5_1,1.32
2026-09-27T12:23:34.564118+02:00,2026-09-26 03:22:55,725176,Eskilsminne,AFC Malmo,2026-09-27T13:00:00+02:00,36.424,Bet365,ah+1.5_2,3.3
2026-09-27T12:23:34.564118+02:00,2026-09-26 03:22:55,725176,Eskilsminne,AFC Malmo,2026-09-27T13:00:00+02:00,36.424,Bet365,ah+1_1,1.48
2026-09-27T12:23:34.564118+02:00,2026-09-26 03:22:55,725176,Eskilsminne,AFC Malmo,2026-09-27T13:00:00+02:00,36.424,Bet365,ah+1_2,2.6
2026-09-27T12:23:34.564118+02:00,2026-09-26 03:22:55,725176,Eskilsminne,AFC Malmo,2026-09-27T13:00:00+02:00,36.424,Bet365,ah+2.5_1,1.12
2026-09-27T12:23:34.564118+02:00,2026-09-26 03:22:55,725176,Eskilsminne,AFC Malmo,2026-09-27T13:00:00+02:00,36.424,Bet365,ah+2.5_2,6.25
2026-09-27T12:23:34.564118+02:00,2026-09-26 03:22:55,725176,Eskilsminne,AFC Malmo,2026-09-27T13:00:00+02:00,36.424,Bet365,ah+2_1,1.15
2026-09-27T12:23:34.564118+02:00,2026-09-26 03:22:55,725176,Eskilsminne,AFC Malmo,2026-09-27T13:00:00+02:00,36.424,Bet365,ah+2_2,5.5
2026-09-27T12:23:34.564118+02:00,2026-09-26 03:22:55,725176,Eskilsminne,AFC Malmo,2026-09-27T13:00:00+02:00,36.424,Bet365,ah-1.5_1,6.4
2026-09-27T12:23:34.564118+02:00,2026-09-26 03:22:55,725176,Eskilsminne,AFC Malmo,2026-09-27T13:00:00+02:00,36.424,Bet365,ah-1.5_2,1.12
2026-09-27T12:23:34.564118+02:00,2026-09-26 03:22:55,725176,Eskilsminne,AFC Malmo,2026-09-27T13:00:00+02:00,36.424,Bet365,ah-1_1,5.75
2026-09-27T12:23:34.564118+02:00,2026-09-26 03:22:55,725176,Eskilsminne,AFC Malmo,2026-09-27T13:00:00+02:00,36.424,Bet365,ah-1_2,1.14
2026-09-27T12:23:34.564118+02:00,2026-09-26 03:22:55,725176,Eskilsminne,AFC Malmo,2026-09-27T13:00:00+02:00,36.424,Bet365,ah0_1,2.5
2026-09-27T12:23:34.564118+02:00,2026-09-26 03:22:55,725176,Eskilsminne,AFC Malmo,2026-09-27T13:00:00+02:00,36.424,Bet365,ah0_2,1.5
2026-09-27T12:23:34.564118+02:00,2026-09-26 03:22:55,725176,Eskilsminne,AFC Malmo,2026-09-27T13:00:00+02:00,36.424,Bet365,o+0.5,1
2026-09-27T12:23:34.564118+02:00,2026-09-26 03:22:55,725176,Eskilsminne,AFC Malmo,2026-09-27T13:00:00+02:00,36.424,Bet365,o+1.5,1.14
2026-09-27T12:23:34.564118+02:00,2026-09-26 03:22:55,725176,Eskilsminne,AFC Malmo,2026-09-27T13:00:00+02:00,36.424,Bet365,o+2.5,1.5
2026-09-27T12:23:34.564118+02:00,2026-09-26 03:22:55,725176,Eskilsminne,AFC Malmo,2026-09-27T13:00:00+02:00,36.424,Bet365,o+3.5,2.2
2026-09-27T12:23:34.564118+02:00,2026-09-26 03:22:55,725176,Eskilsminne,AFC Malmo,2026-09-27T13:00:00+02:00,36.424,Bet365,o+4.5,3.75
2026-09-27T12:23:34.564118+02:00,2026-09-26 03:22:55,725176,Eskilsminne,AFC Malmo,2026-09-27T13:00:00+02:00,36.424,Bet365,o+5.5,6.5
2026-09-27T12:23:34.564118+02:00,2026-09-26 03:22:55,725176,Eskilsminne,AFC Malmo,2026-09-27T13:00:00+02:00,36.424,Bet365,odd_1,3.1
2026-09-27T12:23:34.564118+02:00,2026-09-26 03:22:55,725176,Eskilsminne,AFC Malmo,2026-09-27T13:00:00+02:00,36.424,Bet365,odd_12,1.18
2026-09-27T12:23:34.564118+02:00,2026-09-26 03:22:55,725176,Eskilsminne,AFC Malmo,2026-09-27T13:00:00+02:00,36.424,Bet365,odd_1x,1.8
2026-09-27T12:23:34.564118+02:00,2026-09-26 03:22:55,725176,Eskilsminne,AFC Malmo,2026-09-27T13:00:00+02:00,36.424,Bet365,odd_2,1.9
2026-09-27T12:23:34.564118+02:00,2026-09-26 03:22:55,725176,Eskilsminne,AFC Malmo,2026-09-27T13:00:00+02:00,36.424,Bet365,odd_x,3.9
2026-09-27T12:23:34.564118+02:00,2026-09-26 03:22:55,725176,Eskilsminne,AFC Malmo,2026-09-27T13:00:00+02:00,36.424,Bet365,odd_x2,1.28
2026-09-27T12:23:34.564118+02:00,2026-09-26 03:22:55,725176,Eskilsminne,AFC Malmo,2026-09-27T13:00:00+02:00,36.424,Bet365,u+0.5,19
2026-09-27T12:23:34.564118+02:00,2026-09-26 03:22:55,725176,Eskilsminne,AFC Malmo,2026-09-27T13:00:00+02:00,36.424,Bet365,u+1.5,5
2026-09-27T12:23:34.564118+02:00,2026-09-26 03:22:55,725176,Eskilsminne,AFC Malmo,2026-09-27T13:00:00+02:00,36.424,Bet365,u+2.5,2.5
2026-09-27T12:23:34.564118+02:00,2026-09-26 03:22:55,725176,Eskilsminne,AFC Malmo,2026-09-27T13:00:00+02:00,36.424,Bet365,u+3.5,1.62
2026-09-27T12:23:34.564118+02:00,2026-09-26 03:22:55,725176,Eskilsminne,AFC Malmo,2026-09-27T13:00:00+02:00,36.424,Bet365,u+4.5,1.25
2026-09-27T12:23:34.564118+02:00,2026-09-26 03:22:55,725176,Eskilsminne,AFC Malmo,2026-09-27T13:00:00+02:00,36.424,Bet365,u+5.5,1.1
2026-09-27T12:23:34.564118+02:00,2026-09-26 03:22:55,725181,Trelleborg,Angelholm,2026-09-27T13:00:00+02:00,36.424,Bet365,ah-1.5_1,1.92
2026-09-27T12:23:34.564118+02:00,2026-09-26 03:22:55,725181,Trelleborg,Angelholm,2026-09-27T13:00:00+02:00,36.424,Bet365,ah-1.5_2,1.88
2026-09-27T12:23:34.564118+02:00,2026-09-26 03:22:55,725181,Trelleborg,Angelholm,2026-09-27T13:00:00+02:00,36.424,Bet365,ah-1_1,1.5
2026-09-27T12:23:34.564118+02:00,2026-09-26 03:22:55,725181,Trelleborg,Angelholm,2026-09-27T13:00:00+02:00,36.424,Bet365,ah-1_2,2.5
2026-09-27T12:23:34.564118+02:00,2026-09-26 03:22:55,725181,Trelleborg,Angelholm,2026-09-27T13:00:00+02:00,36.424,Bet365,ah-2.5_1,3.3
2026-09-27T12:23:34.564118+02:00,2026-09-26 03:22:55,725181,Trelleborg,Angelholm,2026-09-27T13:00:00+02:00,36.424,Bet365,ah-2.5_2,1.32
2026-09-27T12:23:34.564118+02:00,2026-09-26 03:22:55,725181,Trelleborg,Angelholm,2026-09-27T13:00:00+02:00,36.424,Bet365,ah-2_1,2.5
2026-09-27T12:23:34.564118+02:00,2026-09-26 03:22:55,725181,Trelleborg,Angelholm,2026-09-27T13:00:00+02:00,36.424,Bet365,ah-2_2,1.5
2026-09-27T12:23:34.564118+02:00,2026-09-26 03:22:55,725181,Trelleborg,Angelholm,2026-09-27T13:00:00+02:00,36.424,Bet365,ah-3_1,5.5
2026-09-27T12:23:34.564118+02:00,2026-09-26 03:22:55,725181,Trelleborg,Angelholm,2026-09-27T13:00:00+02:00,36.424,Bet365,ah-3_2,1.15
2026-09-27T12:23:34.564118+02:00,2026-09-26 03:22:55,725181,Trelleborg,Angelholm,2026-09-27T13:00:00+02:00,36.424,Bet365,ah0_1,1.1
2026-09-27T12:23:34.564118+02:00,2026-09-26 03:22:55,725181,Trelleborg,Angelholm,2026-09-27T13:00:00+02:00,36.424,Bet365,ah0_2,6.8
2026-09-27T12:23:34.564118+02:00,2026-09-26 03:22:55,725181,Trelleborg,Angelholm,2026-09-27T13:00:00+02:00,36.424,Bet365,o+0.5,1.01
2026-09-27T12:23:34.564118+02:00,2026-09-26 03:22:55,725181,Trelleborg,Angelholm,2026-09-27T13:00:00+02:00,36.424,Bet365,o+1.5,1.2
2026-09-27T12:23:34.564118+02:00,2026-09-26 03:22:55,725181,Trelleborg,Angelholm,2026-09-27T13:00:00+02:00,36.424,Bet365,o+2.5,1.62
2026-09-27T12:23:34.564118+02:00,2026-09-26 03:22:55,725181,Trelleborg,Angelholm,2026-09-27T13:00:00+02:00,36.424,Bet365,o+3.5,2.5
2026-09-27T12:23:34.564118+02:00,2026-09-26 03:22:55,725181,Trelleborg,Angelholm,2026-09-27T13:00:00+02:00,36.424,Bet365,o+4.5,4.33
2026-09-27T12:23:34.564118+02:00,2026-09-26 03:22:55,725181,Trelleborg,Angelholm,2026-09-27T13:00:00+02:00,36.424,Bet365,o+5.5,7.5
2026-09-27T12:23:34.564118+02:00,2026-09-26 03:22:55,725181,Trelleborg,Angelholm,2026-09-27T13:00:00+02:00,36.424,Bet365,odd_1,1.3
2026-09-27T12:23:34.564118+02:00,2026-09-26 03:22:55,725181,Trelleborg,Angelholm,2026-09-27T13:00:00+02:00,36.424,Bet365,odd_12,1.12
2026-09-27T12:23:34.564118+02:00,2026-09-26 03:22:55,725181,Trelleborg,Angelholm,2026-09-27T13:00:00+02:00,36.424,Bet365,odd_1x,1.05
2026-09-27T12:23:34.564118+02:00,2026-09-26 03:22:55,725181,Trelleborg,Angelholm,2026-09-27T13:00:00+02:00,36.424,Bet365,odd_2,8
2026-09-27T12:23:34.564118+02:00,2026-09-26 03:22:55,725181,Trelleborg,Angelholm,2026-09-27T13:00:00+02:00,36.424,Bet365,odd_x,4.5
2026-09-27T12:23:34.564118+02:00,2026-09-26 03:22:55,725181,Trelleborg,Angelholm,2026-09-27T13:00:00+02:00,36.424,Bet365,odd_x2,3
2026-09-27T12:23:34.564118+02:00,2026-09-26 03:22:55,725181,Trelleborg,Angelholm,2026-09-27T13:00:00+02:00,36.424,Bet365,u+0.5,13
2026-09-27T12:23:34.564118+02:00,2026-09-26 03:22:55,725181,Trelleborg,Angelholm,2026-09-27T13:00:00+02:00,36.424,Bet365,u+1.5,4.33
2026-09-27T12:23:34.564118+02:00,2026-09-26 03:22:55,725181,Trelleborg,Angelholm,2026-09-27T13:00:00+02:00,36.424,Bet365,u+2.5,2.25
2026-09-27T12:23:34.564118+02:00,2026-09-26 03:22:55,725181,Trelleborg,Angelholm,2026-09-27T13:00:00+02:00,36.424,Bet365,u+3.5,1.5
2026-09-27T12:23:34.564118+02:00,2026-09-26 03:22:55,725181,Trelleborg,Angelholm,2026-09-27T13:00:00+02:00,36.424,Bet365,u+4.5,1.2
2026-09-27T12:23:34.564118+02:00,2026-09-26 03:22:55,725181,Trelleborg,Angelholm,2026-09-27T13:00:00+02:00,36.424,Bet365,u+5.5,1.07
2026-09-27T12:23:34.564118+02:00,2026-09-26 03:22:55,726159,Arlanda,Enkoping SK,2026-09-27T13:00:00+02:00,36.424,Bet365,ah+0.5_1,1.27
2026-09-27T12:23:34.564118+02:00,2026-09-26 03:22:55,726159,Arlanda,Enkoping SK,2026-09-27T13:00:00+02:00,36.424,Bet365,ah+1_1,1.1
2026-09-27T12:23:34.564118+02:00,2026-09-26 03:22:55,726159,Arlanda,Enkoping SK,2026-09-27T13:00:00+02:00,36.424,Bet365,ah+1_2,6.8
2026-09-27T12:23:34.564118+02:00,2026-09-26 03:22:55,726159,Arlanda,Enkoping SK,2026-09-27T13:00:00+02:00,36.424,Bet365,ah-1.5_1,3
2026-09-27T12:23:34.564118+02:00,2026-09-26 03:22:55,726159,Arlanda,Enkoping SK,2026-09-27T13:00:00+02:00,36.424,Bet365,ah-1.5_2,1.38
2026-09-27T12:23:34.564118+02:00,2026-09-26 03:22:55,726159,Arlanda,Enkoping SK,2026-09-27T13:00:00+02:00,36.424,Bet365,ah-1_1,2.38
2026-09-27T12:23:34.564118+02:00,2026-09-26 03:22:55,726159,Arlanda,Enkoping SK,2026-09-27T13:00:00+02:00,36.424,Bet365,ah-1_2,1.55
2026-09-27T12:23:34.564118+02:00,2026-09-26 03:22:55,726159,Arlanda,Enkoping SK,2026-09-27T13:00:00+02:00,36.424,Bet365,ah-2.5_1,5.9
2026-09-27T12:23:34.564118+02:00,2026-09-26 03:22:55,726159,Arlanda,Enkoping SK,2026-09-27T13:00:00+02:00,36.424,Bet365,ah-2.5_2,1.13
2026-09-27T12:23:34.564118+02:00,2026-09-26 03:22:55,726159,Arlanda,Enkoping SK,2026-09-27T13:00:00+02:00,36.424,Bet365,ah-2_1,5.25
2026-09-27T12:23:34.564118+02:00,2026-09-26 03:22:55,726159,Arlanda,Enkoping SK,2026-09-27T13:00:00+02:00,36.424,Bet365,ah-2_2,1.16
2026-09-27T12:23:34.564118+02:00,2026-09-26 03:22:55,726159,Arlanda,Enkoping SK,2026-09-27T13:00:00+02:00,36.424,Bet365,ah0_1,1.4
2026-09-27T12:23:34.564118+02:00,2026-09-26 03:22:55,726159,Arlanda,Enkoping SK,2026-09-27T13:00:00+02:00,36.424,Bet365,ah0_2,2.85
2026-09-27T12:23:34.564118+02:00,2026-09-26 03:22:55,726159,Arlanda,Enkoping SK,2026-09-27T13:00:00+02:00,36.424,Bet365,o+0.5,1.02
2026-09-27T12:23:34.564118+02:00,2026-09-26 03:22:55,726159,Arlanda,Enkoping SK,2026-09-27T13:00:00+02:00,36.424,Bet365,o+1.5,1.17
2026-09-27T12:23:34.564118+02:00,2026-09-26 03:22:55,726159,Arlanda,Enkoping SK,2026-09-27T13:00:00+02:00,36.424,Bet365,o+2.5,1.57
2026-09-27T12:23:34.564118+02:00,2026-09-26 03:22:55,726159,Arlanda,Enkoping SK,2026-09-27T13:00:00+02:00,36.424,Bet365,o+3.5,2.38
2026-09-27T12:23:34.564118+02:00,2026-09-26 03:22:55,726159,Arlanda,Enkoping SK,2026-09-27T13:00:00+02:00,36.424,Bet365,o+4.5,4
2026-09-27T12:23:34.564118+02:00,2026-09-26 03:22:55,726159,Arlanda,Enkoping SK,2026-09-27T13:00:00+02:00,36.424,Bet365,o+5.5,7
2026-09-27T12:23:34.564118+02:00,2026-09-26 03:22:55,726159,Arlanda,Enkoping SK,2026-09-27T13:00:00+02:00,36.424,Bet365,odd_1,1.83
2026-09-27T12:23:34.564118+02:00,2026-09-26 03:22:55,726159,Arlanda,Enkoping SK,2026-09-27T13:00:00+02:00,36.424,Bet365,odd_12,1.22
2026-09-27T12:23:34.564118+02:00,2026-09-26 03:22:55,726159,Arlanda,Enkoping SK,2026-09-27T13:00:00+02:00,36.424,Bet365,odd_1x,1.25
2026-09-27T12:23:34.564118+02:00,2026-09-26 03:22:55,726159,Arlanda,Enkoping SK,2026-09-27T13:00:00+02:00,36.424,Bet365,odd_2,3.4
2026-09-27T12:23:34.564118+02:00,2026-09-26 03:22:55,726159,Arlanda,Enkoping SK,2026-09-27T13:00:00+02:00,36.424,Bet365,odd_x,3.7
2026-09-27T12:23:34.564118+02:00,2026-09-26 03:22:55,726159,Arlanda,Enkoping SK,2026-09-27T13:00:00+02:00,36.424,Bet365,odd_x2,1.8
2026-09-27T12:23:34.564118+02:00,2026-09-26 03:22:55,726159,Arlanda,Enkoping SK,2026-09-27T13:00:00+02:00,36.424,Bet365,u+0.5,10.5
2026-09-27T12:23:34.564118+02:00,2026-09-26 03:22:55,726159,Arlanda,Enkoping SK,2026-09-27T13:00:00+02:00,36.424,Bet365,u+1.5,4.5
2026-09-27T12:23:34.564118+02:00,2026-09-26 03:22:55,726159,Arlanda,Enkoping SK,2026-09-27T13:00:00+02:00,36.424,Bet365,u+2.5,2.35
2026-09-27T12:23:34.564118+02:00,2026-09-26 03:22:55,726159,Arlanda,Enkoping SK,2026-09-27T13:00:00+02:00,36.424,Bet365,u+3.5,1.53
2026-09-27T12:23:34.564118+02:00,2026-09-26 03:22:55,726159,Arlanda,Enkoping SK,2026-09-27T13:00:00+02:00,36.424,Bet365,u+4.5,1.22
2026-09-27T12:23:34.564118+02:00,2026-09-26 03:22:55,726159,Arlanda,Enkoping SK,2026-09-27T13:00:00+02:00,36.424,Bet365,u+5.5,1.08
2026-09-27T12:23:34.564118+02:00,2026-09-26 03:22:57,731596,IK Franke,Kungsangen,2026-09-27T13:00:00+02:00,36.424,Bet365,ah+0.5_1,1.38
2026-09-27T12:23:34.564118+02:00,2026-09-26 03:22:57,731596,IK Franke,Kungsangen,2026-09-27T13:00:00+02:00,36.424,Bet365,ah+1.5_1,1.12
2026-09-27T12:23:34.564118+02:00,2026-09-26 03:22:57,731596,IK Franke,Kungsangen,2026-09-27T13:00:00+02:00,36.424,Bet365,ah+1.5_2,6.25
2026-09-27T12:23:34.564118+02:00,2026-09-26 03:22:57,731596,IK Franke,Kungsangen,2026-09-27T13:00:00+02:00,36.424,Bet365,ah+1_1,1.15
2026-09-27T12:23:34.564118+02:00,2026-09-26 03:22:57,731596,IK Franke,Kungsangen,2026-09-27T13:00:00+02:00,36.424,Bet365,ah+1_2,5.5
2026-09-27T12:23:34.564118+02:00,2026-09-26 03:22:57,731596,IK Franke,Kungsangen,2026-09-27T13:00:00+02:00,36.424,Bet365,ah-1.5_1,3.55
2026-09-27T12:23:34.564118+02:00,2026-09-26 03:22:57,731596,IK Franke,Kungsangen,2026-09-27T13:00:00+02:00,36.424,Bet365,ah-1.5_2,1.27
2026-09-27T12:23:34.564118+02:00,2026-09-26 03:22:57,731596,IK Franke,Kungsangen,2026-09-27T13:00:00+02:00,36.424,Bet365,ah-1_1,3
2026-09-27T12:23:34.564118+02:00,2026-09-26 03:22:57,731596,IK Franke,Kungsangen,2026-09-27T13:00:00+02:00,36.424,Bet365,ah-1_2,1.38
2026-09-27T12:23:34.564118+02:00,2026-09-26 03:22:57,731596,IK Franke,Kungsangen,2026-09-27T13:00:00+02:00,36.424,Bet365,ah-2_1,6.8
2026-09-27T12:23:34.564118+02:00,2026-09-26 03:22:57,731596,IK Franke,Kungsangen,2026-09-27T13:00:00+02:00,36.424,Bet365,ah-2_2,1.1
2026-09-27T12:23:34.564118+02:00,2026-09-26 03:22:57,731596,IK Franke,Kungsangen,2026-09-27T13:00:00+02:00,36.424,Bet365,ah0_1,1.58
2026-09-27T12:23:34.564118+02:00,2026-09-26 03:22:57,731596,IK Franke,Kungsangen,2026-09-27T13:00:00+02:00,36.424,Bet365,ah0_2,2.35
2026-09-27T12:23:34.564118+02:00,2026-09-26 03:22:57,731596,IK Franke,Kungsangen,2026-09-27T13:00:00+02:00,36.424,Bet365,o+0.5,1.01
2026-09-27T12:23:34.564118+02:00,2026-09-26 03:22:57,731596,IK Franke,Kungsangen,2026-09-27T13:00:00+02:00,36.424,Bet365,o+1.5,1.2
2026-09-27T12:23:34.564118+02:00,2026-09-26 03:22:57,731596,IK Franke,Kungsangen,2026-09-27T13:00:00+02:00,36.424,Bet365,o+2.5,1.65
2026-09-27T12:23:34.564118+02:00,2026-09-26 03:22:57,731596,IK Franke,Kungsangen,2026-09-27T13:00:00+02:00,36.424,Bet365,o+3.5,2.5
2026-09-27T12:23:34.564118+02:00,2026-09-26 03:22:57,731596,IK Franke,Kungsangen,2026-09-27T13:00:00+02:00,36.424,Bet365,o+4.5,4.5
2026-09-27T12:23:34.564118+02:00,2026-09-26 03:22:57,731596,IK Franke,Kungsangen,2026-09-27T13:00:00+02:00,36.424,Bet365,o+5.5,8
2026-09-27T12:23:34.564118+02:00,2026-09-26 03:22:57,731596,IK Franke,Kungsangen,2026-09-27T13:00:00+02:00,36.424,Bet365,odd_1,2
2026-09-27T12:23:34.564118+02:00,2026-09-26 03:22:57,731596,IK Franke,Kungsangen,2026-09-27T13:00:00+02:00,36.424,Bet365,odd_12,1.22
2026-09-27T12:23:34.564118+02:00,2026-09-26 03:22:57,731596,IK Franke,Kungsangen,2026-09-27T13:00:00+02:00,36.424,Bet365,odd_1x,1.3
2026-09-27T12:23:34.564118+02:00,2026-09-26 03:22:57,731596,IK Franke,Kungsangen,2026-09-27T13:00:00+02:00,36.424,Bet365,odd_2,3
2026-09-27T12:23:34.564118+02:00,2026-09-26 03:22:57,731596,IK Franke,Kungsangen,2026-09-27T13:00:00+02:00,36.424,Bet365,odd_x,3.6
2026-09-27T12:23:34.564118+02:00,2026-09-26 03:22:57,731596,IK Franke,Kungsangen,2026-09-27T13:00:00+02:00,36.424,Bet365,odd_x2,1.67
2026-09-27T12:23:34.564118+02:00,2026-09-26 03:22:57,731596,IK Franke,Kungsangen,2026-09-27T13:00:00+02:00,36.424,Bet365,u+0.5,15
2026-09-27T12:23:34.564118+02:00,2026-09-26 03:22:57,731596,IK Franke,Kungsangen,2026-09-27T13:00:00+02:00,36.424,Bet365,u+1.5,4.33
2026-09-27T12:23:34.564118+02:00,2026-09-26 03:22:57,731596,IK Franke,Kungsangen,2026-09-27T13:00:00+02:00,36.424,Bet365,u+2.5,2.2
2026-09-27T12:23:34.564118+02:00,2026-09-26 03:22:57,731596,IK Franke,Kungsangen,2026-09-27T13:00:00+02:00,36.424,Bet365,u+3.5,1.5
2026-09-27T12:23:34.564118+02:00,2026-09-26 03:22:57,731596,IK Franke,Kungsangen,2026-09-27T13:00:00+02:00,36.424,Bet365,u+4.5,1.17
2026-09-27T12:23:34.564118+02:00,2026-09-26 03:22:57,731596,IK Franke,Kungsangen,2026-09-27T13:00:00+02:00,36.424,Bet365,u+5.5,1.06
2026-09-27T12:23:34.564118+02:00,2026-09-26 03:22:57,731959,Haninge,Smedby,2026-09-27T13:00:00+02:00,36.424,Bet365,ah+0.5_1,1.22
2026-09-27T12:23:34.564118+02:00,2026-09-26 03:22:57,731959,Haninge,Smedby,2026-09-27T13:00:00+02:00,36.424,Bet365,ah-1_1,2
2026-09-27T12:23:34.564118+02:00,2026-09-26 03:22:57,731959,Haninge,Smedby,2026-09-27T13:00:00+02:00,36.424,Bet365,ah-1_2,1.8
2026-09-27T12:23:34.564118+02:00,2026-09-26 03:22:57,731959,Haninge,Smedby,2026-09-27T13:00:00+02:00,36.424,Bet365,ah-2.5_1,4.15
2026-09-27T12:23:34.564118+02:00,2026-09-26 03:22:57,731959,Haninge,Smedby,2026-09-27T13:00:00+02:00,36.424,Bet365,ah-2.5_2,1.22
2026-09-27T12:23:34.564118+02:00,2026-09-26 03:22:57,731959,Haninge,Smedby,2026-09-27T13:00:00+02:00,36.424,Bet365,ah-2_1,3.55
2026-09-27T12:23:34.564118+02:00,2026-09-26 03:22:57,731959,Haninge,Smedby,2026-09-27T13:00:00+02:00,36.424,Bet365,ah-2_2,1.27
2026-09-27T12:23:34.564118+02:00,2026-09-26 03:22:57,731959,Haninge,Smedby,2026-09-27T13:00:00+02:00,36.424,Bet365,ah0_1,1.3
2026-09-27T12:23:34.564118+02:00,2026-09-26 03:22:57,731959,Haninge,Smedby,2026-09-27T13:00:00+02:00,36.424,Bet365,ah0_2,3.45
2026-09-27T12:23:34.564118+02:00,2026-09-26 03:22:57,731959,Haninge,Smedby,2026-09-27T13:00:00+02:00,36.424,Bet365,o+0.5,1.01
2026-09-27T12:23:34.564118+02:00,2026-09-26 03:22:57,731959,Haninge,Smedby,2026-09-27T13:00:00+02:00,36.424,Bet365,o+1.5,1.08
2026-09-27T12:23:34.564118+02:00,2026-09-26 03:22:57,731959,Haninge,Smedby,2026-09-27T13:00:00+02:00,36.424,Bet365,o+2.5,1.3
2026-09-27T12:23:34.564118+02:00,2026-09-26 03:22:57,731959,Haninge,Smedby,2026-09-27T13:00:00+02:00,36.424,Bet365,o+3.5,1.73
2026-09-27T12:23:34.564118+02:00,2026-09-26 03:22:57,731959,Haninge,Smedby,2026-09-27T13:00:00+02:00,36.424,Bet365,o+4.5,2.62
2026-09-27T12:23:34.564118+02:00,2026-09-26 03:22:57,731959,Haninge,Smedby,2026-09-27T13:00:00+02:00,36.424,Bet365,o+5.5,4.33
2026-09-27T12:23:34.564118+02:00,2026-09-26 03:22:57,731959,Haninge,Smedby,2026-09-27T13:00:00+02:00,36.424,Bet365,odd_1,1.62
2026-09-27T12:23:34.564118+02:00,2026-09-26 03:22:57,731959,Haninge,Smedby,2026-09-27T13:00:00+02:00,36.424,Bet365,odd_12,1.17
2026-09-27T12:23:34.564118+02:00,2026-09-26 03:22:57,731959,Haninge,Smedby,2026-09-27T13:00:00+02:00,36.424,Bet365,odd_1x,1.17
2026-09-27T12:23:34.564118+02:00,2026-09-26 03:22:57,731959,Haninge,Smedby,2026-09-27T13:00:00+02:00,36.424,Bet365,odd_2,4
2026-09-27T12:23:34.564118+02:00,2026-09-26 03:22:57,731959,Haninge,Smedby,2026-09-27T13:00:00+02:00,36.424,Bet365,odd_x,4.1
2026-09-27T12:23:34.564118+02:00,2026-09-26 03:22:57,731959,Haninge,Smedby,2026-09-27T13:00:00+02:00,36.424,Bet365,odd_x2,2.1
2026-09-27T12:23:34.564118+02:00,2026-09-26 03:22:57,731959,Haninge,Smedby,2026-09-27T13:00:00+02:00,36.424,Bet365,u+0.5,29
2026-09-27T12:23:34.564118+02:00,2026-09-26 03:22:57,731959,Haninge,Smedby,2026-09-27T13:00:00+02:00,36.424,Bet365,u+1.5,7
2026-09-27T12:23:34.564118+02:00,2026-09-26 03:22:57,731959,Haninge,Smedby,2026-09-27T13:00:00+02:00,36.424,Bet365,u+2.5,3.4
2026-09-27T12:23:34.564118+02:00,2026-09-26 03:22:57,731959,Haninge,Smedby,2026-09-27T13:00:00+02:00,36.424,Bet365,u+3.5,2
2026-09-27T12:23:34.564118+02:00,2026-09-26 03:22:57,731959,Haninge,Smedby,2026-09-27T13:00:00+02:00,36.424,Bet365,u+4.5,1.44
2026-09-27T12:23:34.564118+02:00,2026-09-26 03:22:57,731959,Haninge,Smedby,2026-09-27T13:00:00+02:00,36.424,Bet365,u+5.5,1.2
2026-09-27T12:23:34.564118+02:00,2026-09-26 03:22:58,731960,Karlslund,Forward,2026-09-27T13:00:00+02:00,36.424,Bet365,ah+1.5_1,1.4
2026-09-27T12:23:34.564118+02:00,2026-09-26 03:22:58,731960,Karlslund,Forward,2026-09-27T13:00:00+02:00,36.424,Bet365,ah+1.5_2,2.85
2026-09-27T12:23:34.564118+02:00,2026-09-26 03:22:58,731960,Karlslund,Forward,2026-09-27T13:00:00+02:00,36.424,Bet365,ah+1_1,1.62
2026-09-27T12:23:34.564118+02:00,2026-09-26 03:22:58,731960,Karlslund,Forward,2026-09-27T13:00:00+02:00,36.424,Bet365,ah+1_2,2.25
2026-09-27T12:23:34.564118+02:00,2026-09-26 03:22:58,731960,Karlslund,Forward,2026-09-27T13:00:00+02:00,36.424,Bet365,ah+2.5_1,1.15
2026-09-27T12:23:34.564118+02:00,2026-09-26 03:22:58,731960,Karlslund,Forward,2026-09-27T13:00:00+02:00,36.424,Bet365,ah+2.5_2,5.5
2026-09-27T12:23:34.564118+02:00,2026-09-26 03:22:58,731960,Karlslund,Forward,2026-09-27T13:00:00+02:00,36.424,Bet365,ah+2_1,1.2
2026-09-27T12:23:34.564118+02:00,2026-09-26 03:22:58,731960,Karlslund,Forward,2026-09-27T13:00:00+02:00,36.424,Bet365,ah+2_2,4.4
2026-09-27T12:23:34.564118+02:00,2026-09-26 03:22:58,731960,Karlslund,Forward,2026-09-27T13:00:00+02:00,36.424,Bet365,ah-1_1,6.8
2026-09-27T12:23:34.564118+02:00,2026-09-26 03:22:58,731960,Karlslund,Forward,2026-09-27T13:00:00+02:00,36.424,Bet365,ah-1_2,1.1
2026-09-27T12:23:34.564118+02:00,2026-09-26 03:22:58,731960,Karlslund,Forward,2026-09-27T13:00:00+02:00,36.424,Bet365,ah0_1,3
2026-09-27T12:23:34.564118+02:00,2026-09-26 03:22:58,731960,Karlslund,Forward,2026-09-27T13:00:00+02:00,36.424,Bet365,ah0_2,1.38
2026-09-27T12:23:34.564118+02:00,2026-09-26 03:22:58,731960,Karlslund,Forward,2026-09-27T13:00:00+02:00,36.424,Bet365,o+0.5,1
2026-09-27T12:23:34.564118+02:00,2026-09-26 03:22:58,731960,Karlslund,Forward,2026-09-27T13:00:00+02:00,36.424,Bet365,o+1.5,1.14
2026-09-27T12:23:34.564118+02:00,2026-09-26 03:22:58,731960,Karlslund,Forward,2026-09-27T13:00:00+02:00,36.424,Bet365,o+2.5,1.44
2026-09-27T12:23:34.564118+02:00,2026-09-26 03:22:58,731960,Karlslund,Forward,2026-09-27T13:00:00+02:00,36.424,Bet365,o+3.5,2.1
2026-09-27T12:23:34.564118+02:00,2026-09-26 03:22:58,731960,Karlslund,Forward,2026-09-27T13:00:00+02:00,36.424,Bet365,o+4.5,3.5
2026-09-27T12:23:34.564118+02:00,2026-09-26 03:22:58,731960,Karlslund,Forward,2026-09-27T13:00:00+02:00,36.424,Bet365,o+5.5,6
2026-09-27T12:23:34.564118+02:00,2026-09-26 03:22:58,731960,Karlslund,Forward,2026-09-27T13:00:00+02:00,36.424,Bet365,odd_1,3.6
2026-09-27T12:23:34.564118+02:00,2026-09-26 03:22:58,731960,Karlslund,Forward,2026-09-27T13:00:00+02:00,36.424,Bet365,odd_12,1.18
2026-09-27T12:23:34.564118+02:00,2026-09-26 03:22:58,731960,Karlslund,Forward,2026-09-27T13:00:00+02:00,36.424,Bet365,odd_1x,1.91
2026-09-27T12:23:34.564118+02:00,2026-09-26 03:22:58,731960,Karlslund,Forward,2026-09-27T13:00:00+02:00,36.424,Bet365,odd_2,1.73
2026-09-27T12:23:34.564118+02:00,2026-09-26 03:22:58,731960,Karlslund,Forward,2026-09-27T13:00:00+02:00,36.424,Bet365,odd_x,3.9
2026-09-27T12:23:34.564118+02:00,2026-09-26 03:22:58,731960,Karlslund,Forward,2026-09-27T13:00:00+02:00,36.424,Bet365,odd_x2,1.22
2026-09-27T12:23:34.564118+02:00,2026-09-26 03:22:58,731960,Karlslund,Forward,2026-09-27T13:00:00+02:00,36.424,Bet365,u+0.5,21
2026-09-27T12:23:34.564118+02:00,2026-09-26 03:22:58,731960,Karlslund,Forward,2026-09-27T13:00:00+02:00,36.424,Bet365,u+1.5,5
2026-09-27T12:23:34.564118+02:00,2026-09-26 03:22:58,731960,Karlslund,Forward,2026-09-27T13:00:00+02:00,36.424,Bet365,u+2.5,2.62
2026-09-27T12:23:34.564118+02:00,2026-09-26 03:22:58,731960,Karlslund,Forward,2026-09-27T13:00:00+02:00,36.424,Bet365,u+3.5,1.67
2026-09-27T12:23:34.564118+02:00,2026-09-26 03:22:58,731960,Karlslund,Forward,2026-09-27T13:00:00+02:00,36.424,Bet365,u+4.5,1.28
2026-09-27T12:23:34.564118+02:00,2026-09-26 03:22:58,731960,Karlslund,Forward,2026-09-27T13:00:00+02:00,36.424,Bet365,u+5.5,1.11
2026-09-27T12:23:34.564118+02:00,2026-09-26 03:22:58,741476,Lindo FF,Eker Orebro,2026-09-27T13:00:00+02:00,36.424,Bet365,ah+0.5_1,1.25
2026-09-27T12:23:34.564118+02:00,2026-09-26 03:22:58,741476,Lindo FF,Eker Orebro,2026-09-27T13:00:00+02:00,36.424,Bet365,ah+1_1,1.1
2026-09-27T12:23:34.564118+02:00,2026-09-26 03:22:58,741476,Lindo FF,Eker Orebro,2026-09-27T13:00:00+02:00,36.424,Bet365,ah+1_2,7
2026-09-27T12:23:34.564118+02:00,2026-09-26 03:22:58,741476,Lindo FF,Eker Orebro,2026-09-27T13:00:00+02:00,36.424,Bet365,ah-1.5_1,2.68
2026-09-27T12:23:34.564118+02:00,2026-09-26 03:22:58,741476,Lindo FF,Eker Orebro,2026-09-27T13:00:00+02:00,36.424,Bet365,ah-1.5_2,1.45
2026-09-27T12:23:34.564118+02:00,2026-09-26 03:22:58,741476,Lindo FF,Eker Orebro,2026-09-27T13:00:00+02:00,36.424,Bet365,ah-1_1,2.1
2026-09-27T12:23:34.564118+02:00,2026-09-26 03:22:58,741476,Lindo FF,Eker Orebro,2026-09-27T13:00:00+02:00,36.424,Bet365,ah-1_2,1.7
2026-09-27T12:23:34.564118+02:00,2026-09-26 03:22:58,741476,Lindo FF,Eker Orebro,2026-09-27T13:00:00+02:00,36.424,Bet365,ah-2.5_1,4.65
2026-09-27T12:23:34.564118+02:00,2026-09-26 03:22:58,741476,Lindo FF,Eker Orebro,2026-09-27T13:00:00+02:00,36.424,Bet365,ah-2.5_2,1.18
2026-09-27T12:23:34.564118+02:00,2026-09-26 03:22:58,741476,Lindo FF,Eker Orebro,2026-09-27T13:00:00+02:00,36.424,Bet365,ah-2_1,4
2026-09-27T12:23:34.564118+02:00,2026-09-26 03:22:58,741476,Lindo FF,Eker Orebro,2026-09-27T13:00:00+02:00,36.424,Bet365,ah-2_2,1.23
2026-09-27T12:23:34.564118+02:00,2026-09-26 03:22:58,741476,Lindo FF,Eker Orebro,2026-09-27T13:00:00+02:00,36.424,Bet365,ah0_1,1.35
2026-09-27T12:23:34.564118+02:00,2026-09-26 03:22:58,741476,Lindo FF,Eker Orebro,2026-09-27T13:00:00+02:00,36.424,Bet365,ah0_2,3.1
2026-09-27T12:23:34.564118+02:00,2026-09-26 03:22:58,741476,Lindo FF,Eker Orebro,2026-09-27T13:00:00+02:00,36.424,Bet365,o+0.5,1
2026-09-27T12:23:34.564118+02:00,2026-09-26 03:22:58,741476,Lindo FF,Eker Orebro,2026-09-27T13:00:00+02:00,36.424,Bet365,o+1.5,1.11
2026-09-27T12:23:34.564118+02:00,2026-09-26 03:22:58,741476,Lindo FF,Eker Orebro,2026-09-27T13:00:00+02:00,36.424,Bet365,o+2.5,1.4
2026-09-27T12:23:34.564118+02:00,2026-09-26 03:22:58,741476,Lindo FF,Eker Orebro,2026-09-27T13:00:00+02:00,36.424,Bet365,o+3.5,1.91
2026-09-27T12:23:34.564118+02:00,2026-09-26 03:22:58,741476,Lindo FF,Eker Orebro,2026-09-27T13:00:00+02:00,36.424,Bet365,o+4.5,3.25
2026-09-27T12:23:34.564118+02:00,2026-09-26 03:22:58,741476,Lindo FF,Eker Orebro,2026-09-27T13:00:00+02:00,36.424,Bet365,o+5.5,5
2026-09-27T12:23:34.564118+02:00,2026-09-26 03:22:58,741476,Lindo FF,Eker Orebro,2026-09-27T13:00:00+02:00,36.424,Bet365,odd_1,1.67
2026-09-27T12:23:34.564118+02:00,2026-09-26 03:22:58,741476,Lindo FF,Eker Orebro,2026-09-27T13:00:00+02:00,36.424,Bet365,odd_12,1.17
2026-09-27T12:23:34.564118+02:00,2026-09-26 03:22:58,741476,Lindo FF,Eker Orebro,2026-09-27T13:00:00+02:00,36.424,Bet365,odd_1x,1.2
2026-09-27T12:23:34.564118+02:00,2026-09-26 03:22:58,741476,Lindo FF,Eker Orebro,2026-09-27T13:00:00+02:00,36.424,Bet365,odd_2,3.75
2026-09-27T12:23:34.564118+02:00,2026-09-26 03:22:58,741476,Lindo FF,Eker Orebro,2026-09-27T13:00:00+02:00,36.424,Bet365,odd_x,4
2026-09-27T12:23:34.564118+02:00,2026-09-26 03:22:58,741476,Lindo FF,Eker Orebro,2026-09-27T13:00:00+02:00,36.424,Bet365,odd_x2,2
2026-09-27T12:23:34.564118+02:00,2026-09-26 03:22:58,741476,Lindo FF,Eker Orebro,2026-09-27T13:00:00+02:00,36.424,Bet365,u+0.5,23
2026-09-27T12:23:34.564118+02:00,2026-09-26 03:22:58,741476,Lindo FF,Eker Orebro,2026-09-27T13:00:00+02:00,36.424,Bet365,u+1.5,6
2026-09-27T12:23:34.564118+02:00,2026-09-26 03:22:58,741476,Lindo FF,Eker Orebro,2026-09-27T13:00:00+02:00,36.424,Bet365,u+2.5,2.75
2026-09-27T12:23:34.564118+02:00,2026-09-26 03:22:58,741476,Lindo FF,Eker Orebro,2026-09-27T13:00:00+02:00,36.424,Bet365,u+3.5,1.8
2026-09-27T12:23:34.564118+02:00,2026-09-26 03:22:58,741476,Lindo FF,Eker Orebro,2026-09-27T13:00:00+02:00,36.424,Bet365,u+4.5,1.33
2026-09-27T12:23:34.564118+02:00,2026-09-26 03:22:58,741476,Lindo FF,Eker Orebro,2026-09-27T13:00:00+02:00,36.424,Bet365,u+5.5,1.14
2026-09-27T12:23:34.564118+02:00,2026-09-26 03:22:56,748427,Shaanxi Union,Dalian K'un City,2026-09-27T13:00:00+02:00,36.424,Bet365,ah+0.5_1,1.27
2026-09-27T12:23:34.564118+02:00,2026-09-26 03:22:56,748427,Shaanxi Union,Dalian K'un City,2026-09-27T13:00:00+02:00,36.424,Bet365,ah+1_1,1.1
2026-09-27T12:23:34.564118+02:00,2026-09-26 03:22:56,748427,Shaanxi Union,Dalian K'un City,2026-09-27T13:00:00+02:00,36.424,Bet365,ah+1_2,6.8
2026-09-27T12:23:34.564118+02:00,2026-09-26 03:22:56,748427,Shaanxi Union,Dalian K'un City,2026-09-27T13:00:00+02:00,36.424,Bet365,ah-1.5_1,3.45
2026-09-27T12:23:34.564118+02:00,2026-09-26 03:22:56,748427,Shaanxi Union,Dalian K'un City,2026-09-27T13:00:00+02:00,36.424,Bet365,ah-1.5_2,1.3
2026-09-27T12:23:34.564118+02:00,2026-09-26 03:22:56,748427,Shaanxi Union,Dalian K'un City,2026-09-27T13:00:00+02:00,36.424,Bet365,ah-1_1,2.68
2026-09-27T12:23:34.564118+02:00,2026-09-26 03:22:56,748427,Shaanxi Union,Dalian K'un City,2026-09-27T13:00:00+02:00,36.424,Bet365,ah-1_2,1.45
2026-09-27T12:23:34.564118+02:00,2026-09-26 03:22:56,748427,Shaanxi Union,Dalian K'un City,2026-09-27T13:00:00+02:00,36.424,Bet365,ah-2.5_1,7
2026-09-27T12:23:34.564118+02:00,2026-09-26 03:22:56,748427,Shaanxi Union,Dalian K'un City,2026-09-27T13:00:00+02:00,36.424,Bet365,ah-2.5_2,1.1
2026-09-27T12:23:34.564118+02:00,2026-09-26 03:22:56,748427,Shaanxi Union,Dalian K'un City,2026-09-27T13:00:00+02:00,36.424,Bet365,ah-2_1,6
2026-09-27T12:23:34.564118+02:00,2026-09-26 03:22:56,748427,Shaanxi Union,Dalian K'un City,2026-09-27T13:00:00+02:00,36.424,Bet365,ah-2_2,1.12
2026-09-27T12:23:34.564118+02:00,2026-09-26 03:22:56,748427,Shaanxi Union,Dalian K'un City,2026-09-27T13:00:00+02:00,36.424,Bet365,ah0_1,1.45
2026-09-27T12:23:34.564118+02:00,2026-09-26 03:22:56,748427,Shaanxi Union,Dalian K'un City,2026-09-27T13:00:00+02:00,36.424,Bet365,ah0_2,2.68
2026-09-27T12:23:34.564118+02:00,2026-09-26 03:22:56,748427,Shaanxi Union,Dalian K'un City,2026-09-27T13:00:00+02:00,36.424,Bet365,o+0.5,1.01
2026-09-27T12:23:34.564118+02:00,2026-09-26 03:22:56,748427,Shaanxi Union,Dalian K'un City,2026-09-27T13:00:00+02:00,36.424,Bet365,o+1.5,1.25
2026-09-27T12:23:34.564118+02:00,2026-09-26 03:22:56,748427,Shaanxi Union,Dalian K'un City,2026-09-27T13:00:00+02:00,36.424,Bet365,o+2.5,1.8
2026-09-27T12:23:34.564118+02:00,2026-09-26 03:22:56,748427,Shaanxi Union,Dalian K'un City,2026-09-27T13:00:00+02:00,36.424,Bet365,o+3.5,2.75
2026-09-27T12:23:34.564118+02:00,2026-09-26 03:22:56,748427,Shaanxi Union,Dalian K'un City,2026-09-27T13:00:00+02:00,36.424,Bet365,o+4.5,5
2026-09-27T12:23:34.564118+02:00,2026-09-26 03:22:56,748427,Shaanxi Union,Dalian K'un City,2026-09-27T13:00:00+02:00,36.424,Bet365,o+5.5,8.5
2026-09-27T12:23:34.564118+02:00,2026-09-26 03:22:56,748427,Shaanxi Union,Dalian K'un City,2026-09-27T13:00:00+02:00,36.424,Bet365,odd_1,1.91
2026-09-27T12:23:34.564118+02:00,2026-09-26 03:22:56,748427,Shaanxi Union,Dalian K'un City,2026-09-27T13:00:00+02:00,36.424,Bet365,odd_12,1.25
2026-09-27T12:23:34.564118+02:00,2026-09-26 03:22:56,748427,Shaanxi Union,Dalian K'un City,2026-09-27T13:00:00+02:00,36.424,Bet365,odd_1x,1.25
2026-09-27T12:23:34.564118+02:00,2026-09-26 03:22:56,748427,Shaanxi Union,Dalian K'un City,2026-09-27T13:00:00+02:00,36.424,Bet365,odd_2,3.4
2026-09-27T12:23:34.564118+02:00,2026-09-26 03:22:56,748427,Shaanxi Union,Dalian K'un City,2026-09-27T13:00:00+02:00,36.424,Bet365,odd_x,3.4
2026-09-27T12:23:34.564118+02:00,2026-09-26 03:22:56,748427,Shaanxi Union,Dalian K'un City,2026-09-27T13:00:00+02:00,36.424,Bet365,odd_x2,1.73
2026-09-27T12:23:34.564118+02:00,2026-09-26 03:22:56,748427,Shaanxi Union,Dalian K'un City,2026-09-27T13:00:00+02:00,36.424,Bet365,u+0.5,12
2026-09-27T12:23:34.564118+02:00,2026-09-26 03:22:56,748427,Shaanxi Union,Dalian K'un City,2026-09-27T13:00:00+02:00,36.424,Bet365,u+1.5,3.75
2026-09-27T12:23:34.564118+02:00,2026-09-26 03:22:56,748427,Shaanxi Union,Dalian K'un City,2026-09-27T13:00:00+02:00,36.424,Bet365,u+2.5,2
2026-09-27T12:23:34.564118+02:00,2026-09-26 03:22:56,748427,Shaanxi Union,Dalian K'un City,2026-09-27T13:00:00+02:00,36.424,Bet365,u+3.5,1.4
2026-09-27T12:23:34.564118+02:00,2026-09-26 03:22:56,748427,Shaanxi Union,Dalian K'un City,2026-09-27T13:00:00+02:00,36.424,Bet365,u+4.5,1.14
2026-09-27T12:23:34.564118+02:00,2026-09-26 03:22:56,748427,Shaanxi Union,Dalian K'un City,2026-09-27T13:00:00+02:00,36.424,Bet365,u+5.5,1.05
2026-09-27T12:23:34.564118+02:00,2026-09-26 03:22:51,779115,Vihren,Nesebar,2026-09-27T13:00:00+02:00,36.424,Bet365,ah-1.5_1,1.98
2026-09-27T12:23:34.564118+02:00,2026-09-26 03:22:51,779115,Vihren,Nesebar,2026-09-27T13:00:00+02:00,36.424,Bet365,ah-1.5_2,1.82
2026-09-27T12:23:34.564118+02:00,2026-09-26 03:22:51,779115,Vihren,Nesebar,2026-09-27T13:00:00+02:00,36.424,Bet365,o+2.5,1.6
2026-09-27T12:23:34.564118+02:00,2026-09-26 03:22:51,779115,Vihren,Nesebar,2026-09-27T13:00:00+02:00,36.424,Bet365,odd_1,1.33
2026-09-27T12:23:34.564118+02:00,2026-09-26 03:22:51,779115,Vihren,Nesebar,2026-09-27T13:00:00+02:00,36.424,Bet365,odd_12,1.12
2026-09-27T12:23:34.564118+02:00,2026-09-26 03:22:51,779115,Vihren,Nesebar,2026-09-27T13:00:00+02:00,36.424,Bet365,odd_1x,1.06
2026-09-27T12:23:34.564118+02:00,2026-09-26 03:22:51,779115,Vihren,Nesebar,2026-09-27T13:00:00+02:00,36.424,Bet365,odd_2,7
2026-09-27T12:23:34.564118+02:00,2026-09-26 03:22:51,779115,Vihren,Nesebar,2026-09-27T13:00:00+02:00,36.424,Bet365,odd_x,4.5
2026-09-27T12:23:34.564118+02:00,2026-09-26 03:22:51,779115,Vihren,Nesebar,2026-09-27T13:00:00+02:00,36.424,Bet365,odd_x2,2.88
2026-09-27T12:23:34.564118+02:00,2026-09-26 03:22:51,779115,Vihren,Nesebar,2026-09-27T13:00:00+02:00,36.424,Bet365,u+2.5,2.3
2026-09-27T12:23:34.564118+02:00,2026-09-26 03:22:45,789616,Las Palmas B,CD Badajoz,2026-09-27T13:00:00+02:00,36.424,Bet365,o+2.5,2.2
2026-09-27T12:23:34.564118+02:00,2026-09-26 03:22:45,789616,Las Palmas B,CD Badajoz,2026-09-27T13:00:00+02:00,36.424,Bet365,odd_1,2.25
2026-09-27T12:23:34.564118+02:00,2026-09-26 03:22:45,789616,Las Palmas B,CD Badajoz,2026-09-27T13:00:00+02:00,36.424,Bet365,odd_12,1.28
2026-09-27T12:23:34.564118+02:00,2026-09-26 03:22:45,789616,Las Palmas B,CD Badajoz,2026-09-27T13:00:00+02:00,36.424,Bet365,odd_1x,1.3
2026-09-27T12:23:34.564118+02:00,2026-09-26 03:22:45,789616,Las Palmas B,CD Badajoz,2026-09-27T13:00:00+02:00,36.424,Bet365,odd_2,2.9
2026-09-27T12:23:34.564118+02:00,2026-09-26 03:22:45,789616,Las Palmas B,CD Badajoz,2026-09-27T13:00:00+02:00,36.424,Bet365,odd_x,3.1
2026-09-27T12:23:34.564118+02:00,2026-09-26 03:22:45,789616,Las Palmas B,CD Badajoz,2026-09-27T13:00:00+02:00,36.424,Bet365,odd_x2,1.53
2026-09-27T12:23:34.564118+02:00,2026-09-26 03:22:45,789616,Las Palmas B,CD Badajoz,2026-09-27T13:00:00+02:00,36.424,Bet365,u+2.5,1.65
2026-09-27T12:23:34.564118+02:00,2026-09-26 03:22:57,816231,Naestved,Middelfart,2026-09-27T13:00:00+02:00,36.424,Bet365,ah+0.5_1,1.4
2026-09-27T12:23:34.564118+02:00,2026-09-26 03:22:57,816231,Naestved,Middelfart,2026-09-27T13:00:00+02:00,36.424,Bet365,ah+1.5_1,1.12
2026-09-27T12:23:34.564118+02:00,2026-09-26 03:22:57,816231,Naestved,Middelfart,2026-09-27T13:00:00+02:00,36.424,Bet365,ah+1.5_2,6
2026-09-27T12:23:34.564118+02:00,2026-09-26 03:22:57,816231,Naestved,Middelfart,2026-09-27T13:00:00+02:00,36.424,Bet365,ah+1_1,1.16
2026-09-27T12:23:34.564118+02:00,2026-09-26 03:22:57,816231,Naestved,Middelfart,2026-09-27T13:00:00+02:00,36.424,Bet365,ah+1_2,5.25
2026-09-27T12:23:34.564118+02:00,2026-09-26 03:22:57,816231,Naestved,Middelfart,2026-09-27T13:00:00+02:00,36.424,Bet365,ah-1.5_1,4.1
2026-09-27T12:23:34.564118+02:00,2026-09-26 03:22:57,816231,Naestved,Middelfart,2026-09-27T13:00:00+02:00,36.424,Bet365,ah-1.5_2,1.23
2026-09-27T12:23:34.564118+02:00,2026-09-26 03:22:57,816231,Naestved,Middelfart,2026-09-27T13:00:00+02:00,36.424,Bet365,ah-1_1,3.3
2026-09-27T12:23:34.564118+02:00,2026-09-26 03:22:57,816231,Naestved,Middelfart,2026-09-27T13:00:00+02:00,36.424,Bet365,ah-1_2,1.32
2026-09-27T12:23:34.564118+02:00,2026-09-26 03:22:57,816231,Naestved,Middelfart,2026-09-27T13:00:00+02:00,36.424,Bet365,ah0_1,1.65
2026-09-27T12:23:34.564118+02:00,2026-09-26 03:22:57,816231,Naestved,Middelfart,2026-09-27T13:00:00+02:00,36.424,Bet365,ah0_2,2.2
2026-09-27T12:23:34.564118+02:00,2026-09-26 03:22:57,816231,Naestved,Middelfart,2026-09-27T13:00:00+02:00,36.424,Bet365,o+0.5,1.01
2026-09-27T12:23:34.564118+02:00,2026-09-26 03:22:57,816231,Naestved,Middelfart,2026-09-27T13:00:00+02:00,36.424,Bet365,o+1.5,1.25
2026-09-27T12:23:34.564118+02:00,2026-09-26 03:22:57,816231,Naestved,Middelfart,2026-09-27T13:00:00+02:00,36.424,Bet365,o+2.5,1.85
2026-09-27T12:23:34.564118+02:00,2026-09-26 03:22:57,816231,Naestved,Middelfart,2026-09-27T13:00:00+02:00,36.424,Bet365,o+3.5,3
2026-09-27T12:23:34.564118+02:00,2026-09-26 03:22:57,816231,Naestved,Middelfart,2026-09-27T13:00:00+02:00,36.424,Bet365,o+4.5,5.5
2026-09-27T12:23:34.564118+02:00,2026-09-26 03:22:57,816231,Naestved,Middelfart,2026-09-27T13:00:00+02:00,36.424,Bet365,o+5.5,9
2026-09-27T12:23:34.564118+02:00,2026-09-26 03:22:57,816231,Naestved,Middelfart,2026-09-27T13:00:00+02:00,36.424,Bet365,odd_1,2.15
2026-09-27T12:23:34.564118+02:00,2026-09-26 03:22:57,816231,Naestved,Middelfart,2026-09-27T13:00:00+02:00,36.424,Bet365,odd_12,1.25
2026-09-27T12:23:34.564118+02:00,2026-09-26 03:22:57,816231,Naestved,Middelfart,2026-09-27T13:00:00+02:00,36.424,Bet365,odd_1x,1.33
2026-09-27T12:23:34.564118+02:00,2026-09-26 03:22:57,816231,Naestved,Middelfart,2026-09-27T13:00:00+02:00,36.424,Bet365,odd_2,2.8
2026-09-27T12:23:34.564118+02:00,2026-09-26 03:22:57,816231,Naestved,Middelfart,2026-09-27T13:00:00+02:00,36.424,Bet365,odd_x,3.4
2026-09-27T12:23:34.564118+02:00,2026-09-26 03:22:57,816231,Naestved,Middelfart,2026-09-27T13:00:00+02:00,36.424,Bet365,odd_x2,1.57
2026-09-27T12:23:34.564118+02:00,2026-09-26 03:22:57,816231,Naestved,Middelfart,2026-09-27T13:00:00+02:00,36.424,Bet365,u+0.5,12
2026-09-27T12:23:34.564118+02:00,2026-09-26 03:22:57,816231,Naestved,Middelfart,2026-09-27T13:00:00+02:00,36.424,Bet365,u+1.5,3.75
2026-09-27T12:23:34.564118+02:00,2026-09-26 03:22:57,816231,Naestved,Middelfart,2026-09-27T13:00:00+02:00,36.424,Bet365,u+2.5,1.95
2026-09-27T12:23:34.564118+02:00,2026-09-26 03:22:57,816231,Naestved,Middelfart,2026-09-27T13:00:00+02:00,36.424,Bet365,u+3.5,1.36
2026-09-27T12:23:34.564118+02:00,2026-09-26 03:22:57,816231,Naestved,Middelfart,2026-09-27T13:00:00+02:00,36.424,Bet365,u+4.5,1.12
2026-09-27T12:23:34.564118+02:00,2026-09-26 03:22:57,816231,Naestved,Middelfart,2026-09-27T13:00:00+02:00,36.424,Bet365,u+5.5,1.04
2026-09-27T12:23:34.564118+02:00,2026-09-26 03:22:57,857674,Lucksta,Taftea IK,2026-09-27T13:00:00+02:00,36.424,Bet365,ah+1.5_1,1.2
2026-09-27T12:23:34.564118+02:00,2026-09-26 03:22:57,857674,Lucksta,Taftea IK,2026-09-27T13:00:00+02:00,36.424,Bet365,ah+1.5_2,4.4
2026-09-27T12:23:34.564118+02:00,2026-09-26 03:22:57,857674,Lucksta,Taftea IK,2026-09-27T13:00:00+02:00,36.424,Bet365,ah+1_1,1.26
2026-09-27T12:23:34.564118+02:00,2026-09-26 03:22:57,857674,Lucksta,Taftea IK,2026-09-27T13:00:00+02:00,36.424,Bet365,ah+1_2,3.7
2026-09-27T12:23:34.564118+02:00,2026-09-26 03:22:57,857674,Lucksta,Taftea IK,2026-09-27T13:00:00+02:00,36.424,Bet365,ah-1.5_1,4.15
2026-09-27T12:23:34.564118+02:00,2026-09-26 03:22:57,857674,Lucksta,Taftea IK,2026-09-27T13:00:00+02:00,36.424,Bet365,ah-1.5_2,1.22
2026-09-27T12:23:34.564118+02:00,2026-09-26 03:22:57,857674,Lucksta,Taftea IK,2026-09-27T13:00:00+02:00,36.424,Bet365,ah-1_1,3.45
2026-09-27T12:23:34.564118+02:00,2026-09-26 03:22:57,857674,Lucksta,Taftea IK,2026-09-27T13:00:00+02:00,36.424,Bet365,ah-1_2,1.3
2026-09-27T12:23:34.564118+02:00,2026-09-26 03:22:57,857674,Lucksta,Taftea IK,2026-09-27T13:00:00+02:00,36.424,Bet365,ah0_1,1.85
2026-09-27T12:23:34.564118+02:00,2026-09-26 03:22:57,857674,Lucksta,Taftea IK,2026-09-27T13:00:00+02:00,36.424,Bet365,ah0_2,1.95
2026-09-27T12:23:34.564118+02:00,2026-09-26 03:22:57,857674,Lucksta,Taftea IK,2026-09-27T13:00:00+02:00,36.424,Bet365,o+0.5,1
2026-09-27T12:23:34.564118+02:00,2026-09-26 03:22:57,857674,Lucksta,Taftea IK,2026-09-27T13:00:00+02:00,36.424,Bet365,o+1.5,1.12
2026-09-27T12:23:34.564118+02:00,2026-09-26 03:22:57,857674,Lucksta,Taftea IK,2026-09-27T13:00:00+02:00,36.424,Bet365,o+2.5,1.44
2026-09-27T12:23:34.564118+02:00,2026-09-26 03:22:57,857674,Lucksta,Taftea IK,2026-09-27T13:00:00+02:00,36.424,Bet365,o+3.5,2
2026-09-27T12:23:34.564118+02:00,2026-09-26 03:22:57,857674,Lucksta,Taftea IK,2026-09-27T13:00:00+02:00,36.424,Bet365,o+4.5,3.4
2026-09-27T12:23:34.564118+02:00,2026-09-26 03:22:57,857674,Lucksta,Taftea IK,2026-09-27T13:00:00+02:00,36.424,Bet365,o+5.5,5.5
2026-09-27T12:23:34.564118+02:00,2026-09-26 03:22:57,857674,Lucksta,Taftea IK,2026-09-27T13:00:00+02:00,36.424,Bet365,odd_1,2.3
2026-09-27T12:23:34.564118+02:00,2026-09-26 03:22:57,857674,Lucksta,Taftea IK,2026-09-27T13:00:00+02:00,36.424,Bet365,odd_12,1.2
2026-09-27T12:23:34.564118+02:00,2026-09-26 03:22:57,857674,Lucksta,Taftea IK,2026-09-27T13:00:00+02:00,36.424,Bet365,odd_1x,1.44
2026-09-27T12:23:34.564118+02:00,2026-09-26 03:22:57,857674,Lucksta,Taftea IK,2026-09-27T13:00:00+02:00,36.424,Bet365,odd_2,2.4
2026-09-27T12:23:34.564118+02:00,2026-09-26 03:22:57,857674,Lucksta,Taftea IK,2026-09-27T13:00:00+02:00,36.424,Bet365,odd_x,3.75
2026-09-27T12:23:34.564118+02:00,2026-09-26 03:22:57,857674,Lucksta,Taftea IK,2026-09-27T13:00:00+02:00,36.424,Bet365,odd_x2,1.5
2026-09-27T12:23:34.564118+02:00,2026-09-26 03:22:57,857674,Lucksta,Taftea IK,2026-09-27T13:00:00+02:00,36.424,Bet365,u+0.5,21
2026-09-27T12:23:34.564118+02:00,2026-09-26 03:22:57,857674,Lucksta,Taftea IK,2026-09-27T13:00:00+02:00,36.424,Bet365,u+1.5,5.5
2026-09-27T12:23:34.564118+02:00,2026-09-26 03:22:57,857674,Lucksta,Taftea IK,2026-09-27T13:00:00+02:00,36.424,Bet365,u+2.5,2.62
2026-09-27T12:23:34.564118+02:00,2026-09-26 03:22:57,857674,Lucksta,Taftea IK,2026-09-27T13:00:00+02:00,36.424,Bet365,u+3.5,1.73
2026-09-27T12:23:34.564118+02:00,2026-09-26 03:22:57,857674,Lucksta,Taftea IK,2026-09-27T13:00:00+02:00,36.424,Bet365,u+4.5,1.3
2026-09-27T12:23:34.564118+02:00,2026-09-26 03:22:57,857674,Lucksta,Taftea IK,2026-09-27T13:00:00+02:00,36.424,Bet365,u+5.5,1.12
