captured_at_local,event_id,competition,category,home_team,away_team,kickoff_utc,minutes_to_kickoff,market,submarket,outcome,params,old_price,new_price
2026-10-10T00:06:46.251708+02:00,36682209,Primera B,Argentina,CA Talleres de Remedios,Deportivo Camioneros,2026-10-09T23:00:00+00:00,53.2291,soccer.asian_handicap,period=ft,home,handicap=-0.5,1.81,1.82
2026-10-10T00:06:46.251708+02:00,36682209,Primera B,Argentina,CA Talleres de Remedios,Deportivo Camioneros,2026-10-09T23:00:00+00:00,53.2291,soccer.asian_handicap,period=ft,home,handicap=-1,2.5,2.55
2026-10-10T00:06:46.251708+02:00,36682209,Primera B,Argentina,CA Talleres de Remedios,Deportivo Camioneros,2026-10-09T23:00:00+00:00,53.2291,soccer.asian_handicap,period=ft,away,handicap=-0.75,1.69,1.68
2026-10-10T00:06:46.251708+02:00,36682209,Primera B,Argentina,CA Talleres de Remedios,Deportivo Camioneros,2026-10-09T23:00:00+00:00,53.2291,soccer.asian_handicap,period=ft,home,handicap=-0.25,1.55,1.56
2026-10-10T00:06:46.251708+02:00,36682209,Primera B,Argentina,CA Talleres de Remedios,Deportivo Camioneros,2026-10-09T23:00:00+00:00,53.2291,soccer.asian_handicap,period=ft,away,handicap=-0.25,2.3,2.25
2026-10-10T00:06:46.251708+02:00,36682209,Primera B,Argentina,CA Talleres de Remedios,Deportivo Camioneros,2026-10-09T23:00:00+00:00,53.2291,soccer.match_odds,period=ft,home,,1.8,1.81
2026-10-10T00:06:46.251708+02:00,36682209,Primera B,Argentina,CA Talleres de Remedios,Deportivo Camioneros,2026-10-09T23:00:00+00:00,53.2291,soccer.match_odds,period=ft,away,,4.25,4.3
2026-10-10T00:06:46.251708+02:00,36682209,Primera B,Argentina,CA Talleres de Remedios,Deportivo Camioneros,2026-10-09T23:00:00+00:00,53.2291,soccer.total_goals,period=ft,over,total=3,3.55,0.0
2026-10-10T00:06:46.251708+02:00,36682209,Primera B,Argentina,CA Talleres de Remedios,Deportivo Camioneros,2026-10-09T23:00:00+00:00,53.2291,soccer.total_goals,period=ft,under,total=3,1.23,0.0
2026-10-10T00:06:46.251708+02:00,36682209,Primera B,Argentina,CA Talleres de Remedios,Deportivo Camioneros,2026-10-09T23:00:00+00:00,53.2291,soccer.total_goals,period=ft,over,total=1.5,1.38,1.39
2026-10-10T00:06:46.251708+02:00,36682209,Primera B,Argentina,CA Talleres de Remedios,Deportivo Camioneros,2026-10-09T23:00:00+00:00,53.2291,soccer.total_goals,period=ft,over,total=1.75,1.5,1.52
2026-10-10T00:06:46.251708+02:00,36682209,Primera B,Argentina,CA Talleres de Remedios,Deportivo Camioneros,2026-10-09T23:00:00+00:00,53.2291,soccer.total_goals,period=ft,over,total=2,1.7,1.73
2026-10-10T00:06:46.251708+02:00,36682209,Primera B,Argentina,CA Talleres de Remedios,Deportivo Camioneros,2026-10-09T23:00:00+00:00,53.2291,soccer.total_goals,period=ft,under,total=2.25,1.73,1.7
2026-10-10T00:06:46.251708+02:00,36682209,Primera B,Argentina,CA Talleres de Remedios,Deportivo Camioneros,2026-10-09T23:00:00+00:00,53.2291,soccer.total_goals,period=ft,under,total=2.5,1.54,1.52
2026-10-10T00:06:46.251708+02:00,36682209,Primera B,Argentina,CA Talleres de Remedios,Deportivo Camioneros,2026-10-09T23:00:00+00:00,53.2291,soccer.total_goals,period=ft,over,total=2.75,2.7,2.75
2026-10-10T00:06:46.251708+02:00,36625214,"Primera A, Clausura",Colombia,Alianza FC Valledupar,Aguilas Doradas Rionegro,2026-10-09T23:00:00+00:00,53.2291,soccer.asian_handicap,period=ft,home,handicap=0,1.71,1.76
2026-10-10T00:06:46.251708+02:00,36625214,"Primera A, Clausura",Colombia,Alianza FC Valledupar,Aguilas Doradas Rionegro,2026-10-09T23:00:00+00:00,53.2291,soccer.asian_handicap,period=ft,away,handicap=0,2.14,2.08
2026-10-10T00:06:46.251708+02:00,36625214,"Primera A, Clausura",Colombia,Alianza FC Valledupar,Aguilas Doradas Rionegro,2026-10-09T23:00:00+00:00,53.2291,soccer.asian_handicap,period=ft,home,handicap=-1,4.2,4.35
2026-10-10T00:06:46.251708+02:00,36625214,"Primera A, Clausura",Colombia,Alianza FC Valledupar,Aguilas Doradas Rionegro,2026-10-09T23:00:00+00:00,53.2291,soccer.asian_handicap,period=ft,away,handicap=-1,1.22,1.21
2026-10-10T00:06:46.251708+02:00,36625214,"Primera A, Clausura",Colombia,Alianza FC Valledupar,Aguilas Doradas Rionegro,2026-10-09T23:00:00+00:00,53.2291,soccer.asian_handicap,period=ft,home,handicap=-0.75,2.95,3.05
2026-10-10T00:06:46.251708+02:00,36625214,"Primera A, Clausura",Colombia,Alianza FC Valledupar,Aguilas Doradas Rionegro,2026-10-09T23:00:00+00:00,53.2291,soccer.asian_handicap,period=ft,away,handicap=-0.75,1.39,1.37
2026-10-10T00:06:46.251708+02:00,36625214,"Primera A, Clausura",Colombia,Alianza FC Valledupar,Aguilas Doradas Rionegro,2026-10-09T23:00:00+00:00,53.2291,soccer.asian_handicap,period=ft,home,handicap=-0.5,2.4,2.45
2026-10-10T00:06:46.251708+02:00,36625214,"Primera A, Clausura",Colombia,Alianza FC Valledupar,Aguilas Doradas Rionegro,2026-10-09T23:00:00+00:00,53.2291,soccer.asian_handicap,period=ft,away,handicap=-0.5,1.57,1.54
2026-10-10T00:06:46.251708+02:00,36625214,"Primera A, Clausura",Colombia,Alianza FC Valledupar,Aguilas Doradas Rionegro,2026-10-09T23:00:00+00:00,53.2291,soccer.asian_handicap,period=ft,home,handicap=-0.25,2.07,2.11
2026-10-10T00:06:46.251708+02:00,36625214,"Primera A, Clausura",Colombia,Alianza FC Valledupar,Aguilas Doradas Rionegro,2026-10-09T23:00:00+00:00,53.2291,soccer.asian_handicap,period=ft,away,handicap=-0.25,1.77,1.72
2026-10-10T00:06:46.251708+02:00,36625214,"Primera A, Clausura",Colombia,Alianza FC Valledupar,Aguilas Doradas Rionegro,2026-10-09T23:00:00+00:00,53.2291,soccer.asian_handicap,period=ft,home,handicap=0.25,1.5,1.53
2026-10-10T00:06:46.251708+02:00,36625214,"Primera A, Clausura",Colombia,Alianza FC Valledupar,Aguilas Doradas Rionegro,2026-10-09T23:00:00+00:00,53.2291,soccer.asian_handicap,period=ft,away,handicap=0.25,2.55,2.5
2026-10-10T00:06:46.251708+02:00,36625214,"Primera A, Clausura",Colombia,Alianza FC Valledupar,Aguilas Doradas Rionegro,2026-10-09T23:00:00+00:00,53.2291,soccer.asian_handicap,period=ft,home,handicap=0.5,1.38,1.41
2026-10-10T00:06:46.251708+02:00,36625214,"Primera A, Clausura",Colombia,Alianza FC Valledupar,Aguilas Doradas Rionegro,2026-10-09T23:00:00+00:00,53.2291,soccer.asian_handicap,period=ft,away,handicap=0.5,2.95,2.9
2026-10-10T00:06:46.251708+02:00,36625214,"Primera A, Clausura",Colombia,Alianza FC Valledupar,Aguilas Doradas Rionegro,2026-10-09T23:00:00+00:00,53.2291,soccer.asian_handicap,period=ft,home,handicap=0.75,1.26,1.28
2026-10-10T00:06:46.251708+02:00,36625214,"Primera A, Clausura",Colombia,Alianza FC Valledupar,Aguilas Doradas Rionegro,2026-10-09T23:00:00+00:00,53.2291,soccer.asian_handicap,period=ft,away,handicap=0.75,3.75,3.6
2026-10-10T00:06:46.251708+02:00,36625214,"Primera A, Clausura",Colombia,Alianza FC Valledupar,Aguilas Doradas Rionegro,2026-10-09T23:00:00+00:00,53.2291,soccer.match_odds,period=ft,home,,2.4,2.45
2026-10-10T00:06:46.251708+02:00,36625214,"Primera A, Clausura",Colombia,Alianza FC Valledupar,Aguilas Doradas Rionegro,2026-10-09T23:00:00+00:00,53.2291,soccer.match_odds,period=ft,away,,3.0,2.9
2026-10-10T00:06:46.251708+02:00,36625214,"Primera A, Clausura",Colombia,Alianza FC Valledupar,Aguilas Doradas Rionegro,2026-10-09T23:00:00+00:00,53.2291,soccer.total_goals,period=ft,over,total=2.25,1.9,1.91
2026-10-10T00:06:46.251708+02:00,36625214,"Primera A, Clausura",Colombia,Alianza FC Valledupar,Aguilas Doradas Rionegro,2026-10-09T23:00:00+00:00,53.2291,soccer.total_goals,period=ft,under,total=2.25,1.9,1.89
2026-10-10T00:06:46.251708+02:00,36625214,"Primera A, Clausura",Colombia,Alianza FC Valledupar,Aguilas Doradas Rionegro,2026-10-09T23:00:00+00:00,53.2291,soccer.total_goals,period=ft,under,total=1.5,3.05,3.0
2026-10-10T00:06:46.251708+02:00,36625214,"Primera A, Clausura",Colombia,Alianza FC Valledupar,Aguilas Doradas Rionegro,2026-10-09T23:00:00+00:00,53.2291,soccer.total_goals,period=ft,over,total=2,1.61,1.62
2026-10-10T00:06:46.251708+02:00,36625214,"Primera A, Clausura",Colombia,Alianza FC Valledupar,Aguilas Doradas Rionegro,2026-10-09T23:00:00+00:00,53.2291,soccer.total_goals,period=ft,under,total=2,2.3,2.25
2026-10-10T00:06:46.251708+02:00,36625214,"Primera A, Clausura",Colombia,Alianza FC Valledupar,Aguilas Doradas Rionegro,2026-10-09T23:00:00+00:00,53.2291,soccer.total_goals,period=ft,over,total=2.75,2.5,2.55
2026-10-10T00:16:43.475829+02:00,36682208,Primera B,Argentina,Excursionistas,CA Villa San Carlos,2026-10-09T23:00:00+00:00,43.2754,soccer.double_chance,period=ft,draw_away,,2.12,2.09
2026-10-10T00:16:43.475829+02:00,36682208,Primera B,Argentina,Excursionistas,CA Villa San Carlos,2026-10-09T23:00:00+00:00,43.2754,soccer.double_chance,period=ft,home_draw,,1.19,1.2
2026-10-10T00:18:44.341997+02:00,36625214,"Primera A, Clausura",Colombia,Alianza FC Valledupar,Aguilas Doradas Rionegro,2026-10-09T23:00:00+00:00,41.261,soccer.double_chance,period=ft,draw_away,,1.55,1.53
2026-10-10T00:18:44.341997+02:00,36625214,"Primera A, Clausura",Colombia,Alianza FC Valledupar,Aguilas Doradas Rionegro,2026-10-09T23:00:00+00:00,41.261,soccer.double_chance,period=ft,home_draw,,1.39,1.41
2026-10-10T00:18:44.341997+02:00,36628412,USL Championship,USA,Lexington SC,FC Tulsa,2026-10-09T23:30:00+00:00,71.261,soccer.asian_handicap,period=ft,away,handicap=-0.75,1.99,2.0
2026-10-10T00:18:44.341997+02:00,36628412,USL Championship,USA,Lexington SC,FC Tulsa,2026-10-09T23:30:00+00:00,71.261,soccer.asian_handicap,period=ft,away,handicap=-1.75,1.27,1.28
2026-10-10T00:18:44.341997+02:00,36628412,USL Championship,USA,Lexington SC,FC Tulsa,2026-10-09T23:30:00+00:00,71.261,soccer.asian_handicap,period=ft,away,handicap=-1.5,1.39,1.4
2026-10-10T00:18:44.341997+02:00,36628412,USL Championship,USA,Lexington SC,FC Tulsa,2026-10-09T23:30:00+00:00,71.261,soccer.asian_handicap,period=ft,home,handicap=-1,2.16,2.15
2026-10-10T00:18:44.341997+02:00,36628412,USL Championship,USA,Lexington SC,FC Tulsa,2026-10-09T23:30:00+00:00,71.261,soccer.asian_handicap,period=ft,away,handicap=-1,1.68,1.69
2026-10-10T00:18:44.341997+02:00,36628412,USL Championship,USA,Lexington SC,FC Tulsa,2026-10-09T23:30:00+00:00,71.261,soccer.asian_handicap,period=ft,home,handicap=-0.25,1.43,1.42
2026-10-10T00:18:44.341997+02:00,36628412,USL Championship,USA,Lexington SC,FC Tulsa,2026-10-09T23:30:00+00:00,71.261,soccer.total_goals,period=ft,over,total=2.5,1.81,1.79
2026-10-10T00:18:44.341997+02:00,36628412,USL Championship,USA,Lexington SC,FC Tulsa,2026-10-09T23:30:00+00:00,71.261,soccer.total_goals,period=ft,under,total=2.5,1.99,2.01
2026-10-10T00:18:44.341997+02:00,36628412,USL Championship,USA,Lexington SC,FC Tulsa,2026-10-09T23:30:00+00:00,71.261,soccer.total_goals,period=ft,over,total=1.5,1.25,1.24
2026-10-10T00:18:44.341997+02:00,36628412,USL Championship,USA,Lexington SC,FC Tulsa,2026-10-09T23:30:00+00:00,71.261,soccer.total_goals,period=ft,under,total=1.5,3.75,3.8
2026-10-10T00:18:44.341997+02:00,36628412,USL Championship,USA,Lexington SC,FC Tulsa,2026-10-09T23:30:00+00:00,71.261,soccer.total_goals,period=ft,over,total=2,1.38,1.37
2026-10-10T00:18:44.341997+02:00,36628412,USL Championship,USA,Lexington SC,FC Tulsa,2026-10-09T23:30:00+00:00,71.261,soccer.total_goals,period=ft,over,total=2.25,1.59,1.58
2026-10-10T00:18:44.341997+02:00,36628412,USL Championship,USA,Lexington SC,FC Tulsa,2026-10-09T23:30:00+00:00,71.261,soccer.total_goals,period=ft,over,total=2.75,2.02,2.01
2026-10-10T00:18:44.341997+02:00,36628412,USL Championship,USA,Lexington SC,FC Tulsa,2026-10-09T23:30:00+00:00,71.261,soccer.total_goals,period=ft,under,total=2.75,1.76,1.78
2026-10-10T00:18:44.341997+02:00,36628412,USL Championship,USA,Lexington SC,FC Tulsa,2026-10-09T23:30:00+00:00,71.261,soccer.total_goals,period=ft,over,total=3,2.4,2.35
2026-10-10T00:18:44.341997+02:00,36628412,USL Championship,USA,Lexington SC,FC Tulsa,2026-10-09T23:30:00+00:00,71.261,soccer.total_goals,period=ft,under,total=3,1.55,1.56
2026-10-10T00:18:44.341997+02:00,36628412,USL Championship,USA,Lexington SC,FC Tulsa,2026-10-09T23:30:00+00:00,71.261,soccer.total_goals,period=ft,over,total=4.5,5.7,5.65
